Country Name,Indicator Name,1990,1991,1992,1993,1994,1995,1996,1997,1998,1999,2000,2001,2002,2003,2004,2005,2006,2007,2008,2009,2010,2011,2012,2013,2014,2015
Aruba,Renewable electricity output (% of total electricity output),0,0,0,0,0,0,0,0,0,0,0,0,0,0,0,0,0,0,0,0,11.32737715,12.10102096,14.91525424,14.91218619,15.09927995,14.85616144
Africa Eastern and Southern,Renewable electricity output (% of total electricity output),14.36525822,15.352872,14.10556432,13.4830698,13.23234589,13.29388121,12.73839324,12.51660289,14.87559235,15.43567173,15.98373752,17.5841681,18.03563739,16.93033505,16.94477679,17.69127316,18.47292394,18.17346896,18.28864249,19.75533847,21.16299933,21.32377935,21.79582504,22.73260394,24.96658943,25.67587875
Afghanistan,Renewable electricity output (% of total electricity output),67.73049645,67.98029557,67.9943101,68.34532374,68.70451237,69.03703704,70.37037037,72.3880597,74.43609023,73.72262774,74.98909408,72.81145999,79.0639712,70.24972856,70.89084065,74.06181015,70.75575027,72,68.65482234,87.17660292,85.98654709,82.48756219,85.90998043,78.6364081,85.32354903,86.05011125
Africa Western and Central,Renewable electricity output (% of total electricity output),55.66314934,60.31873505,59.1522995,57.4339912,54.75954778,55.33754542,54.61918239,54.37480116,48.37227326,50.18337362,52.85887292,51.32355861,46.2630897,45.45188425,45.64842789,44.09333505,40.8432102,36.93628922,41.72717142,41.55021212,38.54708441,37.70364999,36.0379351,35.16386365,34.56614593,31.23353141
Angola,Renewable electricity output (% of total electricity output),86.20689655,82.65524625,88.70116156,93.68421053,93.71727749,93.75,89.98054475,76.35253054,80.42488619,66.96629213,63.11418685,62.08791209,64.7592068,62.20551378,78.40501792,79.64824121,80.61101028,77.6188996,75.40904716,65.34318902,67.95742338,70.90780393,60.7994842,58.02093476,53.17510549,53.17492831
Albania,Renewable electricity output (% of total electricity output),86.40776699,92.14248298,95.05008839,93.90762256,95.68637402,93.98613906,95.72049482,96.17444529,96.32021922,97.32915822,96.14901632,95.30831099,93.95398609,97.85657051,97.5026757,98.71394452,98.31643736,97.48251748,100,99.98077662,99.98678647,98.59222143,100,100,100,100
Andorra,Renewable electricity output (% of total electricity output),100,100,100,100,100,100,100,100,100,100,100,100,100,100,98.93617021,98.82352941,94.59459459,75,80.05082592,76.54320988,88.73114463,86.51315789,86.6894198,88.7532694,89.43217666,86.1167002
Arab World,Renewable electricity output (% of total electricity output),7.241521246,6.690711244,5.769018133,5.387481871,5.320985082,5.081062818,5.300068346,5.171465028,4.809929674,4.846387134,4.46423747,4.617561634,3.755548631,3.943509658,3.913530097,4.474439922,4.119493989,4.150216715,3.36273905,3.328485767,3.854009912,3.549765635,3.481218522,3.770384961,3.27807342,2.920701686
United Arab Emirates,Renewable electricity output (% of total electricity output),0,0,0,0,0,0,0,0,0,0,0,0,0,0,0,0,0,0,0,0,0,0,0,0.094142456,0.258307016,0.232401112
Argentina,Renewable electricity output (% of total electricity output),35.4414663,30.4365664,34.87052844,38.93400026,42.60157812,40.21338506,33.39982206,39.38698166,36.39004486,27.29441883,33.15937465,41.82988404,43.56387577,37.95175486,31.63480258,33.52513485,37.1276984,29.84220081,26.3437058,28.92740262,28.5854562,32.30597044,29.26113532,31.48449072,31.5762042,28.14006912
Armenia,Renewable electricity output (% of total electricity output),15.00675545,16.24632198,33.8071968,68.19698173,62.1067515,34.50818198,25.29771484,23.05523304,24.82636085,20.99002974,21.16482041,16.84943429,30.04167422,36.02981276,33.13432836,28.06712047,30.71873422,31.46829434,31.17850953,35.67272086,39.48544138,33.5397039,28.94474863,28.23605707,25.75483871,28.33696628
American Samoa,Renewable electricity output (% of total electricity output),0,0,0,0,0,0,0,0,0,0,0,0,0,0,0,0,0,0,0,0,0,0,0.702426564,0.703140481,0.700882475,0.885478158
Antigua and Barbuda,Renewable electricity output (% of total electricity output),0,0,0,0,0,0,0,0,0,0,0,0,0,0,0,0,0,0,0,0,1.494768311,1.497005988,0,0,0,0
Australia,Renewable electricity output (% of total electricity output),9.656030644,10.59820105,10.06686525,10.54914357,10.19447386,9.62414282,9.229727824,9.587675727,8.434050016,8.544053588,8.381618572,8.098454953,7.860918822,8.440698866,8.186650191,8.803706639,9.299307773,8.648072467,8.115257556,7.497934259,8.611879628,10.42665228,10.59265336,13.26410839,14.90671221,13.63784109
Austria,Renewable electricity output (% of total electricity output),66.20212593,65.06247384,72.39632351,74.06708065,70.8027096,70.50636123,66.80479337,67.91595582,69.81040959,70.67895053,72.54400909,69.15682775,69.01294765,60.78282872,64.20223413,63.62677749,65.51552516,68.68702896,69.23088844,71.13969479,66.21132275,65.63142343,74.52918061,78.02478699,81.05686835,76.49077927
Azerbaijan,Renewable electricity output (% of total electricity output),7.161368348,7.496801706,8.83975105,12.73423967,10.40919697,9.129312368,9.000994908,10.16868615,10.84009334,8.285651408,8.203647254,6.858197153,10.80156141,11.59917317,12.67016188,13.15582371,10.25954447,10.82070765,10.31280322,12.24295103,18.42330305,13.1861634,7.921524274,6.67123405,5.629246199,7.039857421
Burundi,Renewable electricity output (% of total electricity output),98.18181818,98.52941176,98.13084112,98.1981982,98.29059829,98.33333333,98.33333333,98.36065574,98.21428571,98,98.01980198,98.29059829,98.45320959,98.06763285,97.86324786,98.04496579,97.90136411,98.32578542,98.24236086,96.39363748,87.65339961,90.85730884,97.9618194,87.02056925,80.71878883,82.70938513
Belgium,Renewable electricity output (% of total electricity output),0.789563535,0.752957042,0.864024646,0.723582805,0.841031104,0.908645737,0.746626208,0.755191945,0.924763935,1.019600317,1.261280852,1.36737134,1.405997109,1.426502794,1.774684955,2.457151524,3.499786598,3.982725528,5.285763852,6.056388215,6.920806113,9.410879188,12.81287904,14.20938611,17.0806411,20.80002301
Benin,Renewable electricity output (% of total electricity output),0,0,0,0,0,0,0,3.389830508,2.53164557,2.777777778,2.380952381,3.03030303,3.174603175,2.5,1.234567901,0.934579439,2.597402597,1.363636364,1.310043668,0.78125,0.869565217,0,0,0,0,5.555555556
Burkina Faso,Renewable electricity output (% of total electricity output),4.891304348,6.701030928,9.950248756,21.86046512,33.7962963,38.69905311,26.98354662,20.08491182,23.15882875,34.64851348,25.17930328,14.71956224,17.49383055,21.56995052,21.4451722,19.46542708,14.62212486,18.1372549,21.94058767,18.90540154,20.78542367,15.45574637,15.456,14.43820994,10.39712793,9.354038684
Bangladesh,Renewable electricity output (% of total electricity output),11.43300569,10.13301088,8.949853834,6.604388442,8.656991006,3.442531927,6.440648423,6.063417102,6.714795839,5.764705882,4.749223258,5.709521619,4.012858291,3.799715909,3.034477171,2.832079253,2.536317768,2.415739397,2.776316559,1.121661242,1.787202746,1.974950739,1.600016474,1.946536145,1.319724237,1.226889902
Bulgaria,Renewable electricity output (% of total electricity output),4.456467573,5.973765357,5.793316484,5.11092981,3.849684001,5.537342363,6.83350501,6.461603435,7.465708845,7.241116284,6.57629287,3.989984839,5.202874149,7.156019656,7.649785159,9.874465569,9.357830425,6.802990428,6.643638974,8.772799132,12.57796032,7.866381465,11.43648425,16.07885022,15.74360176,17.988593
Bahrain,Renewable electricity output (% of total electricity output),0,0,0,0,0,0,0,0,0,0,0,0,0,0,0,0,0,0,0,0,0,0,0,0,0,0
"Bahamas, The",Renewable electricity output (% of total electricity output),0,0,0,0,0,0,0,0,0,0,0,0,0,0,0,0,0,0,0,0,0,0,0,0,0,0
Bosnia and Herzegovina,Renewable electricity output (% of total electricity output),20.89939858,37.27239753,52.22988506,71.14517583,81.50329877,82.77664167,70.24523161,53.10895608,50.20381183,54.48099271,48.84456803,48.70276368,48.84561892,39.95206817,46.97517285,47.59561974,44.00781426,33.95281738,32.83410915,39.82001532,46.86989021,28.71073298,29.93182787,41.46467251,36.72648515,35.51730757
Belarus,Renewable electricity output (% of total electricity output),0.050599605,0.046469601,0.045218779,0.056939075,0.060515336,0.080263264,0.067430883,0.080592547,0.119189511,0.07165485,0.103444312,0.11969836,0.109615966,0.10515642,0.108939442,0.119505184,0.119455534,0.157089447,0.20828578,0.345667632,0.37254621,0.428571429,0.555212832,0.844256832,0.722614078,0.815679831
Belize,Renewable electricity output (% of total electricity output),0,0,0,0,0,27.02702703,40.13157895,41.31736527,41.50943396,45.50898204,70.0729927,69.0647482,67.14285714,40.96385542,43.07814788,44.14180275,84.77177737,82.2754469,94.74758595,79.29142145,63.38095209,62.94159847,49.19400582,55.81301319,50.70547537,45.23993047
Bermuda,Renewable electricity output (% of total electricity output),0,0,0,0,0,0,0,0,0,0,0,0,0,0,0,0,0,0,0,0,0,0,0,0,0,0
Bolivia,Renewable electricity output (% of total electricity output),52.44482908,58.87521968,54.14593698,58.27989438,48.15864023,43.3256045,45.46016059,46.45737327,43.2884097,47.35892811,51.52061856,54.84924623,53.94359465,47.11449677,48.70661066,41.25816993,41.86792453,41.69863969,41.37871755,39.48701193,33.95307658,34.1966759,32.3064874,32.17606944,28.00685323,31.40243902
Brazil,Renewable electricity output (% of total electricity output),94.50051835,94.62575253,94.41943971,95.2547068,95.40533993,94.1574958,93.56113404,92.97783637,92.92334373,90.03692683,89.49270586,84.28744505,85.738173,87.16360313,86.03211228,87.12462751,86.74765165,88.21467965,84.26642365,88.99577577,84.72423388,87.120997,82.4482831,76.68920812,73.08207385,73.96690805
Barbados,Renewable electricity output (% of total electricity output),0,0,0,0,0,0,0,0,0,0,0,0,0,0,0,0,0,0,0,0,0,0,0,0,0,0
Brunei Darussalam,Renewable electricity output (% of total electricity output),0,0,0,0,0,0,0,0,0,0,0,0,0,0,0,0,0,0,0,0,0,0.053691275,0.050890585,0.045433894,0.044385264,0.047619048
Bhutan,Renewable electricity output (% of total electricity output),99.55242967,99.74424552,99.93606138,99.94061758,99.94068802,100,100,100,100,100,100,99.97814898,99.95865347,99.91696651,99.92356039,99.94334278,99.96018404,99.96952149,99.99856345,99.99857104,99.99590628,99.99575522,99.99707033,99.99345562,99.99286108,99.99354643
Botswana,Renewable electricity output (% of total electricity output),0,0,0,0,0,0,0,0,0,0,0,0,0,0,0,0,0,0,0,0,0,0,0,0.108342362,0.043233895,0.033704078
Central African Republic,Renewable electricity output (% of total electricity output),81.05263158,80.85106383,81.25,80.41237113,79.20792079,79.41176471,78.84615385,78.84615385,78.84615385,78.5046729,78.5046729,76.85185185,76.85185185,76.36363636,83.33333333,83.75,83.83233533,85.0931677,85.0931677,85,84.375,84.48275862,84.65909091,99.28057554,99.41520468,99.41520468
Canada,Renewable electricity output (% of total electricity output),62.37871882,61.41041299,61.67921442,61.72232798,60.40045134,61.00409818,63.10607423,62.35094142,60.40605432,61.18370484,60.60030119,58.03265624,59.88641921,58.91556496,58.44631709,60.02942674,59.54428822,60.29627226,61.4725274,62.85034733,61.39675684,62.33825013,63.23056117,63.29803306,62.82499222,63.01145004
Central Europe and the Baltics,Renewable electricity output (% of total electricity output),6.960160999,8.255932961,7.575046483,8.305123924,9.060523474,9.995116552,9.760683073,9.86816856,10.76702171,10.90560541,9.558929487,9.496150579,9.48201948,7.815800684,10.02024511,11.32157351,10.62797045,9.697571938,10.87320793,12.69785434,15.22325895,13.19197568,14.96574218,17.94481053,20.5025605,20.25285141
Switzerland,Renewable electricity output (% of total electricity output),54.98254292,57.16370157,56.909384,59.57279001,60.5732192,57.42995759,52.20884962,56.01690541,54.85683102,59.37559157,57.00048394,59.3979566,55.22034675,54.72477064,54.41321538,55.85838135,51.72685722,54.906004,55.67903813,55.5442233,56.72954642,54.09299071,59.47461109,59.19383003,58.01546318,62.19798175
Channel Islands,Renewable electricity output (% of total electricity output),0,0,0,0,0,0,0,0,0,0,0,0,0,0,0,0,0,0,0,0,0,0,0,0,0,0
Chile,Renewable electricity output (% of total electricity output),53.8373612,70.97339813,82.69462952,81.6647919,74.26514222,72.40518072,60.45293333,62.13472685,48.17088625,38.03073717,48.54783173,54.26159742,55.45098578,50.15695402,46.90087486,53.88308818,55.25488069,44.15559999,45.74902854,48.8274431,40.202535,39.59642689,36.44535562,35.66687196,42.40700891,43.60433496
China,Renewable electricity output (% of total electricity output),20.40793989,18.47113079,17.58468367,18.12526017,18.0884357,19.2141393,17.55221062,17.51246602,18.06115632,16.68146593,16.63949819,18.95851917,17.6186279,15.03704033,16.22326642,16.17502498,15.59278342,15.26334714,17.73744406,17.8637982,18.62282605,16.76177043,19.96624894,20.29622738,22.60915378,23.92681717
Cote d'Ivoire,Renewable electricity output (% of total electricity output),66.66666667,69.01485966,56.64864865,50.2285192,49.72469293,60.53613845,54.6961326,46.61374349,34.23669816,36.412705,36.75,36.84749232,32.65961466,36.01336741,33.66606171,27.23112128,28.68258179,33.95489256,34.75862069,37.5234202,28.28164292,30.13608788,26.4395667,21.88235294,23.93193338,16.72597865
Cameroon,Renewable electricity output (% of total electricity output),98.47979236,98.56088561,98.72122762,98.94067797,98.82352941,98.85098743,98.86246122,98.84910486,98.35858586,98.75592417,98.90804598,98.10787913,96.42424242,95.76547231,95.37712895,94.20579421,88.81707795,74.82357429,75.8493223,70.67266125,73.21579929,75.29133592,75.36507937,75.33575318,75.32509753,76.11719444
"Congo, Dem. Rep.",Renewable electricity output (% of total electricity output),99.55752212,99.58341223,99.6871398,99.69341749,99.66114458,99.70859641,99.70535276,99.62324013,99.59813875,99.54768187,99.94984955,99.91613552,99.86885246,99.88612331,99.88676575,99.90507187,99.39016307,98.89621923,98.7150616,98.90501655,98.91208096,98.88593493,99.88176563,99.89101477,99.87556561,99.82106911
"Congo, Rep.",Renewable electricity output (% of total electricity output),99.39148073,100,99.06542056,99.17127072,99.38271605,99.43502825,99.56331878,99.5584989,99.41860465,85.58558559,99.66216216,100,100,85.71428571,83.12342569,81.98614319,82.1192053,82.30958231,81.34490239,61.2244898,54.71938776,61.17556071,58.05882353,56.81685196,54.71264368,53.34486736
Colombia,Renewable electricity output (% of total electricity output),76.38419011,75.68261692,68.66500729,73.25397443,78.49259823,76.4046259,82.99202066,71.64443448,69.74630822,79.86081921,75.52463768,74.33819806,76.50415168,78.788595,81.65087793,80.16965652,80.60076258,81.53339128,84.01086918,72.87791562,72.12069198,83.46528973,79.5501941,73.99867546,74.03831068,68.23681122
Comoros,Renewable electricity output (% of total electricity output),0,0,0,0,0,0,0,0,0,0,0,0,0,0,0,0,0,0,0,0,0,0,0,0,0,0
Cabo Verde,Renewable electricity output (% of total electricity output),0,0,0,2.857142857,6.801007557,7.56302521,8.059023837,7.725321888,7.480314961,6.650750341,5.395437782,3.889191314,3.107329124,2.689706987,2.925253628,2.72083017,2.953084068,2.548881386,1.921199442,1.505702931,1.182578598,6.722666083,18.36674843,20.55760334,17.29165138,20.20849659
Costa Rica,Renewable electricity output (% of total electricity output),97.52018454,94.8757764,82.83794788,89.92263844,90.1465798,82.74943659,90.71220325,96.9524149,91.85294661,97.84719974,99.14727562,98.51742031,98.37873754,97.89346572,99.1965916,96.71912833,93.87144993,92.02209945,92.85412708,95.15574651,93.31107169,91.22253865,91.84195007,88.31460674,89.79152393,99.00110988
Caribbean small states,Renewable electricity output (% of total electricity output),3.160281772,2.430221367,2.372794488,2.63523829,2.825307398,3.205472904,3.522179055,3.46285699,2.950568579,2.870737352,8.666853368,8.111429697,7.503329706,6.436429524,6.494614757,5.763818571,7.427941465,8.156859147,9.732251718,9.791246881,9.290895207,9.136455516,9.400621209,9.249508368,9.269233533,8.914779554
Cuba,Renewable electricity output (% of total electricity output),10.25026624,10.33441534,12.28982493,8.807489547,7.906393648,6.132113332,7.683590209,7.069136152,6.191687871,6.789953078,6.872006386,6.569056801,6.656474935,5.363693865,5.609568888,3.180810846,3.036007044,3.046981389,3.970812829,3.924664486,3.241938265,3.226351351,3.711743,4.352142111,4.017349995,3.948146688
Curacao,Renewable electricity output (% of total electricity output),0,0,0,0.880088009,0.823892894,0.792864222,0.784313725,0.765550239,0.720072007,0.718778077,0.713648528,2.922374429,2.789886661,2.709568163,2.644628099,2.564102564,2.6272578,2.547770701,2.576489533,2.465331279,2.418745276,2.41509434,3.489640131,3.539823009,3.591470258,3.712296984
Cayman Islands,Renewable electricity output (% of total electricity output),0,0,0,0,0,0,0,0,0,0,0,0,0,0,0,0,0,0,0,0,0,0,0,0,0,0
Cyprus,Renewable electricity output (% of total electricity output),0,0,0,0,0,0,0,0,0,0,0,0,0,0,0,0.022846699,0.021496131,0.061588996,0.295333727,0.594439118,1.371664788,3.611280179,5.448378206,7.622377622,7.287356322,8.780057357
Czechia,Renewable electricity output (% of total electricity output),1.864431276,1.806030051,2.373977683,2.608517748,3.050232064,3.973586463,3.542610031,3.414983571,3.068519436,3.675244315,3.132586304,3.471455128,3.944996381,2.26888524,3.271273422,3.822728882,4.207808353,3.88541999,4.47926046,5.70119561,6.918135784,8.352539873,9.303586466,10.82341178,10.77841497,11.40457054
Germany,Renewable electricity output (% of total electricity output),3.486350771,3.168752543,3.697964293,3.927370442,4.461686389,4.866989231,4.821397117,4.208309687,4.508169269,5.197223756,6.198531223,6.512444018,7.642700282,7.552977702,9.267474493,10.15021111,11.32201311,13.93800806,14.6992339,16.07855368,16.72707367,20.38328272,23.00045854,24.07254975,26.13009657,29.23177012
Djibouti,Renewable electricity output (% of total electricity output),0,0,0,0,0,0,0,0,0,0,0,0,0,0,0,0,0,0,0,0,0,0,0,0,0,0
Dominica,Renewable electricity output (% of total electricity output),53.33333333,51.61290323,51.61290323,51.61290323,50,51.78571429,60,51.51515152,47.14285714,43.24324324,41.55844156,33.37453646,44.93116395,36.30573248,29.48381452,23.52445194,22.80557834,17.5059952,15.94427245,17.300522,19.70006817,29.66887417,22.32620321,25.54627697,20.79685061,16.17578926
Denmark,Renewable electricity output (% of total electricity output),3.175275191,2.892324531,4.398464441,4.730087714,4.295431022,5.0356385,3.88003434,6.609500169,9.546858658,11.25128469,15.45502455,15.49471229,17.28052536,17.49014853,23.55574241,27.0705733,20.17276534,26.21070302,27.57264584,27.65852184,31.98239926,40.2537682,48.32741605,45.96033733,55.90044743,65.50592462
Dominican Republic,Renewable electricity output (% of total electricity output),10.11357491,13.65853659,10.01612614,21.74481599,10.22465947,11.77651999,13.65079365,9.853510227,11.2496431,14.2451068,9.147783627,7.459189253,8.871083131,12.09425176,16.51550132,17.79232371,15.38195883,14.13065193,11.60785354,13.04656445,11.8888078,12.08961708,14.47658882,16.5696884,13.33937266,11.63244298
Algeria,Renewable electricity output (% of total electricity output),0.838301043,1.689247622,1.088264246,1.818275471,0.834884072,0.978950038,0.653626416,0.348885891,0.924254148,0.819970109,0.212498032,0.25915493,0.206163194,0.896148253,0.8032,1.636444051,0.618861069,0.607592214,0.703350234,0.794784551,0.380460926,0.980009371,1.083680332,0.551010185,0.395379969,0.322683799
East Asia & Pacific (excluding high income),Renewable electricity output (% of total electricity output),22.50711895,20.53815469,19.52967185,19.50767773,19.40981118,20.22353526,18.60126345,17.75972526,18.34232351,17.66526921,17.73926991,19.55724099,18.11278125,15.79325327,16.59139895,16.39829851,15.99464835,15.66008805,17.89387004,17.960607,18.41715587,17.05245239,19.97457274,20.26318423,22.30929817,23.39468535
Early-demographic dividend,Renewable electricity output (% of total electricity output),26.02858893,25.51934094,25.22191518,25.25980868,24.95371286,24.01544007,23.4452834,22.68928183,22.23826847,21.55048622,20.68827212,19.7569167,19.27132024,19.12102459,19.70715165,20.23718994,20.72743254,19.50357197,19.01642264,18.26933622,18.75640256,19.10524398,18.40720877,19.06642076,18.2713436,18.10486154
East Asia & Pacific,Renewable electricity output (% of total electricity output),15.78372005,15.06818728,14.04095376,14.60999934,13.35589964,14.28531591,13.38093688,13.14048948,13.51205829,12.8700797,12.80282455,13.69274594,13.00310514,12.39745276,12.97718091,12.65811993,12.86562392,12.56321259,14.20488824,14.51379865,15.20590895,14.66940704,16.82560298,17.43331758,19.30149218,20.41246622
Europe & Central Asia (excluding high income),Renewable electricity output (% of total electricity output),14.65744485,15.39898461,16.46084573,18.36361899,20.0570295,20.30053412,19.75620256,19.75774615,20.63872173,20.19179362,19.10488463,18.89159123,18.68596755,17.9846826,19.91966609,19.07497414,18.43789998,17.23940116,16.25634964,17.99086109,18.55276427,17.25590825,17.44390544,19.14579474,17.47323312,18.61801884
Europe & Central Asia,Renewable electricity output (% of total electricity output),16.10004557,16.35667711,17.29709524,18.34282051,18.98916882,18.9020371,17.85194992,18.30907534,18.8577327,18.90278688,19.0217803,18.97672505,17.93036322,17.08249373,18.43607831,18.61146543,18.48153506,18.94834348,19.63669977,21.31451441,22.28570199,22.11694734,24.23053443,26.423832,27.1158848,28.02017644
Ecuador,Renewable electricity output (% of total electricity output),78.5478028,72.77028965,69.1217343,78.39697747,80.61149312,61.22909005,67.92291221,63.05732484,59.74288338,69.62553357,71.70184697,63.99095023,63.29912517,62.19469946,57.57340376,55.11637081,51.69449378,56.54165649,61.14152097,50.84818784,45.49182429,55.55880062,54.86934827,48.99187481,49.17513473,52.80294232
"Egypt, Arab Rep.",Renewable electricity output (% of total electricity output),23.50435441,22.34964782,21.23560576,21.93698217,22.25174428,21.94807692,20.955749,20.51584857,19.41047549,21.43660121,17.70344113,18.43255445,14.64626079,14.06448631,12.99815398,12.14095133,11.73325708,13.05932278,11.90094628,10.06906475,10.04795771,9.326836334,8.87941298,8.881880393,8.870907791,8.259285514
Euro area,Renewable electricity output (% of total electricity output),11.90766591,12.58779913,12.92167004,13.44053159,14.64259009,13.57825564,14.01174282,13.52812515,13.64596019,13.61769323,13.89748084,14.90172607,13.03570123,13.57339636,14.26675128,13.5149794,14.83137644,15.82794368,17.2412214,19.37546125,21.27674081,21.50521759,24.26701512,27.8493233,29.24295287,28.7184688
Eritrea,Renewable electricity output (% of total electricity output),0,0,0,0,0,0,0,0.46728972,0.512820513,0.46728972,0.476190476,0.429184549,0.386100386,0.36101083,0.35335689,0.347222222,0.743494424,0.694444444,0.696864111,0.677966102,0.643086817,0.59347181,0.557103064,0.540540541,0.515463918,0.492610837
Spain,Renewable electricity output (% of total electricity output),17.21624803,17.97039076,12.50925335,16.16325375,18.0606829,14.72016232,23.7908459,19.54617308,19.07369488,13.2668082,15.61372617,21.15357387,13.83061642,21.67904459,18.1346963,14.60139232,17.64281993,19.30930065,19.98308562,25.38124981,32.77554304,30.0216442,29.58474801,39.58357761,40.10525588,34.94989057
Estonia,Renewable electricity output (% of total electricity output),0,0,0.008452371,0.01096852,0.03277972,0.092028069,0.076897726,0.119331742,0.187771388,0.193517175,0.211441325,0.212189084,0.351823619,0.482330938,0.582298137,1.087702107,1.335799425,1.18949959,1.861827805,6.162433079,8.05307004,9.144497014,12.34227459,9.190207156,11.16021212,14.4187386
Ethiopia,Renewable electricity output (% of total electricity output),88.35274542,89.49545079,92.74778405,91.32321041,93.3149552,93.51669941,94.19837804,97.0260223,97.09618875,98.84428224,98.6260454,99.055666,98.97260274,99.30313589,99.29105947,99.57820738,99.69409605,95.43276008,87.6356897,88.87775551,99.37751004,99.41603535,99.84193888,99.90806711,99.96847084,99.96167481
European Union,Renewable electricity output (% of total electricity output),13.43418237,13.77592747,14.44904474,14.88810427,15.16402648,14.83876717,14.42449253,14.81844962,15.21744872,15.15052399,15.52892068,16.17962738,14.36759553,14.18338216,15.30979636,15.33085038,15.89475142,16.79032191,18.21959611,20.27256827,22.10555373,22.15848905,25.00920753,27.90496965,29.57946632,29.7153525
Fragile and conflict affected situations,Renewable electricity output (% of total electricity output),37.69427085,40.27640671,41.51295234,41.61399645,41.64447646,39.78950952,39.5058416,39.81437348,40.14983643,41.1066446,41.28780233,39.09498815,38.37636668,39.11149977,40.75189356,43.54644703,43.13291635,42.81602869,41.13372452,41.22722584,38.95425052,40.42970288,39.70203159,39.23926192,38.3939088,36.18664368
Finland,Renewable electricity output (% of total electricity output),29.45179028,31.38171283,34.75097445,31.82599584,27.82221816,30.52237058,25.60217952,29.1300451,34.78558297,30.51240336,33.41002629,28.92758371,26.45587352,22.60868534,29.85730095,33.24927035,27.29371173,29.93784233,35.8779316,30.10864588,29.99107519,32.89070897,40.56184403,35.96699272,38.58049167,44.49903057
Fiji,Renewable electricity output (% of total electricity output),82.44111349,81.56779661,81.22362869,79.34782609,78.40466926,70.67665441,61.76971235,66.19939738,66.2329553,64.35705181,60.23105021,63.76941153,58.85018105,42.33162683,45.01957122,41.15715192,40.62578869,61.22454838,64.94264003,60.12952078,50.29389261,57.59392715,66.23115866,62.12769679,47.16629815,45.01588482
France,Renewable electricity output (% of total electricity output),13.36987864,13.22019787,15.45397827,14.23835419,17.05819513,15.36112508,13.44862126,13.26453416,12.76785749,14.4667397,12.96787647,14.25637189,11.59727616,11.23001795,11.24298852,9.860646697,10.94757583,11.69092631,12.97920893,13.12716357,13.85735931,11.57474725,14.82735407,17.04528624,16.45590494,15.85766663
Faroe Islands,Renewable electricity output (% of total electricity output),35.5450237,36.94581281,42.21105528,41.24917555,43.75,44,39.01098901,42.07650273,40.83769634,35.14851485,36.15023474,33.18965517,40.66390041,35.74297189,40.96385542,44.48979592,44.61538462,44.61893644,39.46249307,38.98369676,28.8986539,39.08370855,37.9151861,38.43621596,50.80758438,60.07143561
"Micronesia, Fed. Sts.",Renewable electricity output (% of total electricity output),0,0,0,0,0,0,0,0,0.223214286,0.221975583,0.224971879,0.221975583,0.204498978,0.197044335,0.208333333,0.268096515,0.283687943,0.290528762,0.613967767,0.859722023,0.871712916,1.083423619,1.060927554,1.492537313,1.530389156,1.601164483
Gabon,Renewable electricity output (% of total electricity output),72.39263804,72.58883249,72.50755287,71.87187187,70.82551595,70.23705004,64.00329489,64.96815287,60.98287416,63.10240964,61.59695817,62.89978678,62.75303644,59.12646675,58.50649351,52.09656925,57.23723724,46.65513264,49.50603732,52.01965066,47.33850129,41.59725625,42.51386322,44.99045802,40.34034034,43.74412041
United Kingdom,Renewable electricity output (% of total electricity output),1.828767447,1.656439045,2.005661571,1.777625791,2.139841981,2.066534532,1.627480225,1.989231915,2.395320692,2.632717317,2.663105175,2.497332413,2.893173338,2.684947302,3.613032166,4.283481612,4.602089317,5.01029338,5.677052205,6.766808463,6.812813426,9.489053101,11.42396018,14.98848014,19.26285368,24.84005042
Georgia,Renewable electricity output (% of total electricity output),55.20985136,57.1351601,58.31091985,63.1468197,61.42960813,63.80917341,83.48406846,84.41993578,83.06609308,83.84745542,78.93318966,79.89044255,93.24789858,91.1452514,87.36279607,85.8125774,72.93810896,81.82909265,84.72731575,86.6090208,92.52271829,77.39846969,74.50232078,82.22487325,80.36833478,78.03932429
Ghana,Renewable electricity output (% of total electricity output),100,100,100,99.65151275,99.54173486,99.68933944,99.96982043,99.49172234,77.53036437,83.58667529,91.49937699,84.09466853,69.24240341,66.06596396,87.44825302,82.92575133,66.65480427,53.4107194,74.42335416,76.76936816,68.81085866,67.50892857,67.12408516,63.98881206,64.73038648,50.89200244
Gibraltar,Renewable electricity output (% of total electricity output),0,0,0,0,0,0,0,0,0,0,0,0,0,0,0,0,0,0,0,0,0,0,0,0,0,0
Guinea,Renewable electricity output (% of total electricity output),33.78378378,34.03441683,34.28571429,34.33962264,34.58646617,34.45065177,43.78980892,44.79004666,51.56054931,52.75397797,55.96933187,57.26141079,58.62068966,46.34994206,61.46179402,62.45259166,63.15068493,68.18757921,62.73764259,62.34817814,76.37972647,74.75640563,67.37637363,73.71961474,59.76979225,78.75156502
"Gambia, The",Renewable electricity output (% of total electricity output),0,0,0,0,0,0,0,0,0,0,0,0,0,0,0,0,0,0,0,0,0,0,0,0,0,0
Guinea-Bissau,Renewable electricity output (% of total electricity output),0,0,0,0,0,0,0,0,0,0,0,0,0,0,0,0,0,0,0,0,0,0,0,0,0,0
Equatorial Guinea,Renewable electricity output (% of total electricity output),6.872852234,10.52631579,14.03508772,15.625,18.18181818,20.58823529,22.58064516,25.92592593,20.58823529,17.5,13.91650099,41.93548387,41.93548387,39.39393939,31.96721311,24.52830189,19.59798995,15.05791506,12.22570533,10.86350975,3.414634146,3.414634146,3.414634146,4.347826087,57.82747604,57.82747604
Greece,Renewable electricity output (% of total electricity output),5.092739037,8.675824637,5.942243116,6.109552403,6.530298903,8.629748904,10.34165665,9.050170932,8.200519706,9.626480413,7.756668226,5.524154043,6.630827695,10.17528711,10.06240117,10.77961196,12.76026521,7.325668543,9.139750763,13.39738763,18.34155525,13.76157642,16.70369091,25.12343734,24.18806984,28.65578326
Grenada,Renewable electricity output (% of total electricity output),0,0,0,0,0,0,0,0,0,0,0,0,0,0,0,0,0,0,0,0,0,0,0,0,0,0
Greenland,Renewable electricity output (% of total electricity output),0,0,0,26.58730159,60.37735849,60.2189781,60.21505376,56.93430657,58.36298932,58.02301963,57.3968467,55.45774648,58.4244373,58.02389409,57.81862007,58.34530307,56.33438667,56.03187689,55.2715655,63.27275026,71.39526857,74.83559969,75.02783359,79.84321182,81.19814356,81.29152578
Guatemala,Renewable electricity output (% of total electricity output),91.62854529,89.5888014,62.75121275,66.27260083,65.26655897,66.4399093,68.64431919,68.22241429,55.72262118,57.01331275,51.71957672,47.97677992,41.73800678,49.21421492,44.77961253,47.48415952,51.95934362,47.62448607,55.4140858,49.11020228,63.84797031,64.43742512,66.88270293,67.16733871,68.57409133,60.39066739
Guam,Renewable electricity output (% of total electricity output),0,0,0,0,0,0,0,0,0,0,0,0,0,0,0,0,0,0,0,0,0,0,0,0,0,0
Guyana,Renewable electricity output (% of total electricity output),1.602564103,2,2.145922747,2.083333333,0.881834215,0.872600349,0.726849833,0.631313131,0.585480094,0,0,0,0,0,0,0,0,0,0,0,0,0,0,0,0,0
High income,Renewable electricity output (% of total electricity output),16.52629935,16.23354223,16.02260712,16.4710265,15.71565947,16.14741637,16.03845096,15.95665453,15.25419286,14.98053516,14.79042642,14.11435135,14.32390206,14.09733843,14.22738726,14.33962446,14.60876005,14.55699467,15.36254736,16.41767762,16.55515948,17.78590094,18.68233722,19.91045888,20.72046188,21.25753492
"Hong Kong SAR, China",Renewable electricity output (% of total electricity output),0,0,0,0,0,0,0,0,0,0,0,0,0,0,0,0,0.002589533,0.002567262,0.002631995,0.002581844,0.242269518,0.204561727,0.234270415,0.242606875,0.26560425,0.278727321
Honduras,Renewable electricity output (% of total electricity output),98.27511859,98.55072464,93.55527102,88.1342701,77.81584582,61.32697947,66.48190414,66.48596939,56.31039531,62.14722141,61.91128149,49.25334706,39.96590356,39.17548501,29.96702391,32.94663573,36.92821369,37.60063141,37.99053291,44.75471698,47.80876494,46.7790409,49.30232558,46.7550161,43.82931077,42.2755159
Heavily indebted poor countries (HIPC),Renewable electricity output (% of total electricity output),83.05555323,84.10579005,82.05264879,81.66080392,78.64368169,77.16830593,76.25561454,74.41077272,71.89828099,73.46873079,74.69294725,73.85276921,71.60231023,70.07682002,69.86023157,68.75817509,67.03885573,65.86914335,66.4884073,68.45867106,69.20818945,68.18452711,67.28142713,67.67199388,67.04826055,63.42129178
Croatia,Renewable electricity output (% of total electricity output),45.55285809,65.88748462,48.92159065,47.77289837,62.01983358,61.36265632,70.45556252,57.18472209,52.65409464,56.53078524,57.30267247,56.22895623,46.05273514,41.37355973,54.92552349,54.07061346,51.43542521,37.80789159,45.70847352,56.00598355,62.84130846,47.03842049,49.67431323,66.50175665,73.95802322,66.82683752
Haiti,Renewable electricity output (% of total electricity output),79.39698492,74.57264957,75.88652482,75.27472527,82.91814947,51.11111111,44.95867769,33.05785124,46.15384615,58.02292264,51.73674589,47.64309764,47.53199269,47.6635514,47.53199269,47.6618705,47.54385965,32.90598291,37.24279835,28.71012483,30.15332198,12.83138918,20.09090909,13.36492891,8.712487899,7.996146435
Hungary,Renewable electricity output (% of total electricity output),0.685750457,0.727563996,0.643837778,0.622816345,0.614650157,0.643776824,0.732402394,0.759951408,0.578112396,0.65024318,0.690517462,0.705753124,0.655474735,0.984038659,2.776788893,5.229891487,4.163529379,4.712212212,5.888819488,8.062270246,8.081132429,7.518254255,7.639670853,9.203142536,10.6831791,10.58269066
IBRD only,Renewable electricity output (% of total electricity output),22.9905015,23.41764828,23.69393222,24.7799123,25.55006538,25.69144862,24.87950535,24.74476145,25.11156701,24.30886467,23.69176874,23.37688974,22.68408538,21.41404503,22.15747012,22.28981489,21.88006939,21.1922715,21.58258442,21.91013294,22.09592864,21.26589699,22.23484529,22.6252488,23.30549903,23.6809579
IDA & IBRD total,Renewable electricity output (% of total electricity output),24.28815321,24.70283491,24.94684485,25.96208723,26.74212772,26.73485534,25.91808652,25.69219691,26.02662419,25.28687378,24.63851141,24.34092018,23.67371373,22.49731945,23.14967415,23.27498967,22.82446118,22.06748841,22.43435961,22.71521639,22.93550357,22.10038641,23.04022444,23.41927471,24.07945892,24.43053555
IDA total,Renewable electricity output (% of total electricity output),47.0661167,47.39296962,47.0261751,47.15616837,47.90304726,45.30871661,44.62542304,42.97567259,42.54951109,42.73685374,41.57129837,41.31233527,41.08636107,42.48214949,41.47831367,41.79870626,41.15295242,40.12544829,40.70854204,39.98387869,41.48075785,41.3807781,42.08861513,42.57328357,42.82995251,42.2242203
IDA blend,Renewable electricity output (% of total electricity output),31.39400416,32.02957835,33.35660845,32.05774981,34.02843751,32.82358737,31.46296292,30.89430621,30.78472708,28.90952529,26.37775116,26.92415129,29.3029983,32.75308218,31.3131942,32.33958231,32.23449504,29.87228619,32.66637643,30.11360787,33.19272936,30.48882619,31.64155819,31.01297826,31.53696615,31.60527279
Indonesia,Renewable electricity output (% of total electricity output),20.9171335,20.55704339,23.83831571,19.7753304,15.65676233,16.4630953,15.53068336,10.33942139,15.76539635,14.12326136,15.95606751,17.47486519,14.9532883,13.6385363,13.60651781,13.60553286,12.2587772,12.9038839,13.31583247,13.2330616,15.85402492,11.99289052,11.23681448,12.27016017,11.47510049,10.65115563
IDA only,Renewable electricity output (% of total electricity output),66.94715414,66.68537598,65.2173101,66.73146573,65.48588668,60.95630726,60.32838993,57.5847179,56.1706316,57.40409942,56.50202678,55.45483424,53.15228323,52.4438569,51.70881967,51.03973472,49.55861044,49.12069588,47.43433113,48.00961767,48.13127746,49.95250617,50.26669516,51.94483467,52.0128548,50.58059334
Isle of Man,Renewable electricity output (% of total electricity output),0,0,0,0,0,0,0,0,0,0,0,0,2.097902098,1.598332175,1.743264659,0.598251266,0.884955752,0.454447089,0.635930048,0.638257931,0.602530629,0.621740874,1.486988848,0.793650794,0.793650794,0.833002777
India,Renewable electricity output (% of total electricity output),24.48929396,22.80740221,20.75265214,19.55881334,21.21909967,17.26053911,15.76729394,16.01513081,16.70110829,15.25807575,13.59094803,13.20704353,12.05516116,13.46942476,14.4825005,16.61901808,17.54042472,17.86408569,16.50983374,15.66005525,16.04374444,17.31696286,15.73297336,17.34931383,16.25383982,15.34305035
Not classified,Renewable electricity output (% of total electricity output),0,0,0,0,0,0,0,0,0,0,0,0,0,0,0,0,0,0,0,0,0,0,0,0,0,0
Ireland,Renewable electricity output (% of total electricity output),4.898446834,4.996651038,5.209125475,4.830020435,5.579985738,4.141104294,4.032769556,4.108893291,5.603985056,5.164254537,5.005702699,4.169373173,5.562935233,4.577450625,5.528455285,7.308983064,9.127452427,10.03339678,11.99679016,14.69346877,13.23111868,19.96392284,19.36553554,22.0058651,24.75976441,27.96540802
"Iran, Islamic Rep.",Renewable electricity output (% of total electricity output),10.29237589,11.00333718,13.87675462,12.89039945,9.0927966,8.576034643,8.134966489,7.087403467,6.80429908,4.419703104,3.037843271,3.910769018,5.72862754,7.229753441,6.394756707,9.080342303,9.544742114,8.887864853,2.423437281,3.369923657,4.163393559,5.122640095,4.985527537,5.707720798,5.195386896,5.104887878
Iraq,Renewable electricity output (% of total electricity output),10.83333333,4.324843825,2.766798419,2.281368821,2,1.916417308,1.897406877,1.915026863,1.916303118,1.916801318,1.915360502,1.916219652,1.5267401,1.527875794,1.526552098,19.73684211,18.02323862,17.25787526,9.447516808,8.526435385,9.746871677,6.30206111,9.544091442,8.142480572,4.325050171,3.731754737
Iceland,Renewable electricity output (% of total electricity output),99.86696231,99.84423676,99.86801584,99.89422467,99.89539749,99.81931339,99.90240094,99.92839241,99.92039484,99.93043962,99.93492972,99.9502054,99.92870722,99.92941176,99.95361243,99.9424361,99.95971803,99.97495199,99.9878545,99.98811928,99.98827598,99.98837952,99.98290501,99.97240009,99.98344645,99.97872227
Israel,Renewable electricity output (% of total electricity output),0.014355441,0.027888817,0.115335667,0.099942341,0.080917534,0.082169269,0.073775783,0.071225071,0.065867475,0.084151473,0.072665901,0.045505222,0.07032967,0.091409621,0.082489054,0.080243611,0.049448159,0.0446163,0.056138381,0.179973822,0.290146951,0.50436502,0.768217386,0.931150321,1.514478812,1.89020023
Italy,Renewable electricity output (% of total electricity output),16.37602218,20.84651337,20.55391884,20.57976291,21.08944653,17.46600158,19.30801427,18.74300271,18.32252469,19.79325375,18.84819275,19.98867206,17.40880331,16.37080041,18.21338373,16.31821857,16.45644494,15.48072493,18.55119336,24.01893631,25.76035987,27.59472872,31.02039032,38.90534856,43.39160638,38.67922518
Jamaica,Renewable electricity output (% of total electricity output),7.567127746,6.735751295,4.47611903,5.249274598,5.507853403,5.163835992,5.879430275,5.931254996,4.922839506,4.8267514,4.844081138,3.455528846,2.249783675,2.518891688,3.283912983,3.691727297,3.947544494,4.969979987,6.13931523,7.366984993,7.685185185,8.726523133,10.92415871,9.842223892,9.796314258,10.26200873
Jordan,Renewable electricity output (% of total electricity output),0.329851567,0.214822771,0.361827227,0.483091787,0.295508274,0.338319088,0.379663255,0.319284802,0.23721275,0.240079085,0.569491525,0.67558617,0.750122971,0.625469102,0.691424111,0.673296043,0.539568345,0.569186986,0.534759358,0.483464126,0.494010963,0.450604219,0.421788383,0.370735098,0.362239297,0.967708005
Japan,Renewable electricity output (% of total electricity output),11.25473751,11.85673487,10.16288776,11.45452775,7.993026253,9.416323187,9.146209229,9.85379466,9.929944802,9.224743268,9.116049011,8.965438076,8.708705683,10.02210957,9.795827169,8.407113732,9.449098226,8.201786899,8.789326611,9.145716508,10.53177716,11.4628446,11.19424738,12.20529179,14.05935936,15.98478072
Kazakhstan,Renewable electricity output (% of total electricity output),8.429943121,8.373650912,8.302197071,9.850989102,13.82441978,12.49756229,12.41742606,12.49807692,12.49567606,12.91001726,14.67344712,14.21284978,15.23773611,13.50483826,12.03525282,11.57899391,10.84053198,10.66738035,9.287039227,8.739677296,9.706458873,9.10424318,8.231250741,7.505383854,7.877755358,8.874027877
Kenya,Renewable electricity output (% of total electricity output),92.85935085,95.34071054,95.71303587,96.37721239,94.26386233,89.83133708,90.50292398,83.43353373,81.98354266,66.38067284,46.9795307,66.59282233,78.0167778,83.61411953,74.98603092,71.66236003,70.34087289,71.60055564,63.13069909,55.29151292,69.06951582,66.87298517,74.77653973,69.28796755,81.48628213,87.51424723
Kyrgyz Republic,Renewable electricity output (% of total electricity output),63.47571828,63.9740491,66.71984916,79.32419453,89.58508443,77.82989149,77.91340835,76.54182709,79.83139301,85.90024761,85.89511754,85.90766079,85.90840463,85.906854,85.8794003,85.8773756,85.8775735,85.87997303,85.87666469,92.18623116,91.80165289,93.27747724,93.47969409,93.47655414,91.2572056,85.18802763
Cambodia,Renewable electricity output (% of total electricity output),0,0,0,0,0,0,0,0,0,0,0.223214286,0.196463654,4.120879121,6.422018349,5.153374233,6.12033195,5.767599661,4.557640751,4.385964912,5.371248025,5.5,7.075471698,37.65690377,57.93025872,61.13651208,46.41801228
Kiribati,Renewable electricity output (% of total electricity output),0,0,0,0,0,0,0,0,0,0,0,0,0,0,0,0,0,0,0,0,0,0,0,0,0,7.272727273
St. Kitts and Nevis,Renewable electricity output (% of total electricity output),0,0,0,0,0,0,0,0,0,0,0,0,0,0,0,0,0,0,0,0,2.632794457,2.471910112,3.581267218,4.090909091,4.654315409,4.571682202
"Korea, Rep.",Renewable electricity output (% of total electricity output),6.037714362,3.078892764,2.491077457,2.957318139,1.452115427,1.662811432,1.396806594,1.303384748,2.010006063,1.806906739,1.424828265,1.377382843,1.041224485,1.492754763,1.26318833,1.044669145,0.99883163,1.069956915,0.985727672,1.037690734,1.245374639,1.438122653,1.335945078,1.632858702,1.566868059,1.894666312
Kuwait,Renewable electricity output (% of total electricity output),0,0,0,0,0,0,0,0,0,0,0,0,0,0,0,0,0,0,0,0,0,0,0,0,0,0
Latin America & Caribbean (excluding high income),Renewable electricity output (% of total electricity output),67.15519153,65.88466531,65.65744497,67.47715503,66.02995493,66.17008532,66.26759789,64.72323221,62.79643889,62.05638934,61.48067636,57.87778774,58.64132688,57.74080975,57.75750434,58.12017834,58.62128913,58.4617229,57.50165425,58.01500451,57.74939283,58.80998755,56.2530025,54.10937833,53.30659449,52.09505547
Lao PDR,Renewable electricity output (% of total electricity output),94.87756994,94.88011913,94.58991696,95.53415504,96.53658677,96.18790744,96.66882754,96.59200462,92.45806782,91.47560342,90.90883803,90.75504913,90.5991808,90.90390161,100,100,100,100,100,100,100,100,100,99.96518734,99.96674873,86.36999958
Lebanon,Renewable electricity output (% of total electricity output),33.33333333,18.66666667,19.09307876,15.78947368,15.76003086,13.57697406,11.45728643,10.58132707,7.724097215,3.320996299,4.640826873,3.303243726,5.828748281,10.83207502,9.070294785,8.477186158,6.024096386,4.860822601,2.802193674,4.516738073,5.339867617,4.919034525,6.792121948,7.256819352,1.075089127,2.603826919
Liberia,Renewable electricity output (% of total electricity output),0,0,0,0,0,0,0,0,0,0,0,0,0,0,0,0,0,0,0,0,0,0,0,0,0,0
Libya,Renewable electricity output (% of total electricity output),0,0,0,0,0,0,0,0,0,0,0,0,0,0,0,0,0,0,0,0,0,0,0,0,0,0
St. Lucia,Renewable electricity output (% of total electricity output),0,0,0,0,0,0,0,0,0,0,0,0,0,0,0,0,0,0,0,0,0,0,0,0,0,0
Latin America & Caribbean,Renewable electricity output (% of total electricity output),64.20998651,64.35620344,64.57804906,65.91075917,64.85376096,64.63156296,64.42546273,63.39648066,61.23470597,60.19141783,60.25533661,56.92901391,57.46906888,56.43734579,56.6927877,57.58639374,58.00492718,57.47090951,56.7326527,57.22911908,56.40462143,57.45282609,54.88542745,53.23313742,53.06284039,51.70474849
Least developed countries: UN classification,Renewable electricity output (% of total electricity output),64.91514475,64.07681444,61.45274752,61.61415528,60.83560987,57.83926474,57.68792416,55.24260297,58.80965332,58.44609552,59.33001146,59.95385373,59.54692093,57.42162985,55.06027795,55.10912121,54.52648211,54.95316752,53.23250492,54.07802203,54.57076403,54.88211133,52.50921493,52.76723801,51.93378274,52.17812439
Low income,Renewable electricity output (% of total electricity output),59.20465286,59.29928844,57.90874095,59.47811287,56.88055793,56.54668724,53.45782117,51.33195351,54.7551861,53.43174256,53.11098355,53.54598316,52.64117323,51.46370812,52.71820503,52.46910916,50.9882197,51.27881393,48.61744339,48.8407315,50.84516412,55.32391239,58.34442885,64.94115375,66.05673365,65.76200869
Liechtenstein,Renewable electricity output (% of total electricity output),0,0,0,0,0,0,0,0,0,0,0,0,0,0,0,0,0,95.02074689,94.53781513,94.22535211,94.55696203,94.60580913,95.69266589,96.014068,93.96135266,96.85714286
Sri Lanka,Renewable electricity output (% of total electricity output),99.84126984,92.27124667,81.92090395,95.40085449,93.2072031,92.71137026,71.78807947,66.99708455,68.88967095,67.48059508,45.80239863,46.01091284,38.18258784,42.89787455,36.13843352,37.22651223,49,40.06665993,41.53923038,39.29501302,53.11545227,40.8474867,29.24124023,59.8769026,39.20231121,48.47519345
Lower middle income,Renewable electricity output (% of total electricity output),21.61853752,21.70604761,21.48304002,21.63332363,22.78803903,20.75899431,20.18862921,19.37806674,19.95428628,19.4512553,17.99543769,18.03216854,17.0711425,17.9101254,17.96118392,18.86545461,19.26711162,18.84246141,17.96458092,17.61505289,17.88897714,18.26568279,17.68392013,18.67290254,17.89026764,17.24705769
Low & middle income,Renewable electricity output (% of total electricity output),24.44715104,24.46847218,24.64664415,25.70067956,26.44863139,26.43659577,25.57689225,25.19362973,25.56923654,24.82927533,24.12336661,23.82148147,23.13549317,22.06784679,22.63725808,22.61915583,22.21298047,21.51560108,21.86969386,22.10300557,22.42705381,21.62198672,22.62319826,22.94638673,23.47973186,23.91178735
Lesotho,Renewable electricity output (% of total electricity output),0,0,0,0,0,0,0,0,0,100,100,100,100,100,100,100,100,100,100,100,100,100,100,100,100,100
Late-demographic dividend,Renewable electricity output (% of total electricity output),24.39627539,24.75824792,25.10428725,26.21362136,27.2585232,27.65120935,26.4061706,26.46522873,26.85572707,26.0035782,25.56621425,25.52528137,24.73578055,22.93210894,23.54134491,23.22898807,22.33495716,21.97104487,22.79642371,23.41833544,23.35509217,22.21101669,23.83233777,23.92932202,25.25461383,25.79831246
Lithuania,Renewable electricity output (% of total electricity output),1.457489879,1.151108538,1.676730645,2.820439213,4.633521271,2.75887574,2.007265562,2.057269947,2.431061622,3.170601268,3.057279022,2.283804484,2.070082109,1.763331209,2.282423208,3.191120361,3.601887886,4.31328879,4.517145644,4.67117394,18.24189027,26.18935469,26.12055641,36.21262458,40.74973031,39.40817285
Luxembourg,Renewable electricity output (% of total electricity output),13.30128205,13.98002853,12.42424242,12.22056632,17.50433276,21.97125257,17.04545455,25.36945813,39.07103825,33.88888889,40.99526066,19.37716263,5.341880342,5.01972033,5.765819042,6.302270012,6.970813262,8.278662918,10.38151137,8.470812183,8.26625387,9.283018868,11.17156329,20.01081666,20.94488189,32.38166792
Latvia,Renewable electricity output (% of total electricity output),67.62936221,58.02622254,65.75378195,73.29255861,74.43693694,73.81251571,59.53294946,65.5792277,74.48680352,67.12895377,68.25435203,66.3317757,62.51572327,58.81761006,68.15952229,69.58825927,56.96176651,59.27478516,60.90254077,63.85347459,54.85136563,50.4922875,66.62883087,56.917378,54.54191791,50.17169709
"Macao SAR, China",Renewable electricity output (% of total electricity output),0,0,0,0,0,0,0,0,0,0,0,0,0,0,0,0,0,0,0,0,0,0,0,0,0,0
St. Martin (French part),Renewable electricity output (% of total electricity output),0,0,0,0,0,0,0,0,0,0,0,0,0,0,0,0,0,0,0,0,0,0,0,0,0,0
Morocco,Renewable electricity output (% of total electricity output),12.67137516,13.31884845,9.918715917,4.470232089,7.323452485,5.052927555,15.60855001,15.32406386,13.70296114,6.397828616,6.079452694,7.158048651,6.852641943,10.00723851,10.20615645,6.143079316,5.945428917,6.000904659,5.967898833,13.99385197,17.43409936,10.78941054,8.629961588,14.64795845,12.38781048,14.30889033
Monaco,Renewable electricity output (% of total electricity output),0,0,0,0,0,0,0,0,0,0,0,0,0,0,0,0,0,0,0,0,0,0,0,0,0,0
Moldova,Renewable electricity output (% of total electricity output),1.584365945,2.319245082,1.999073788,3.230808995,2.931561742,4.249180328,4.979591837,5.921562548,5.84496124,6.23655914,6.724937567,6.292772492,6.507854307,6.313850276,6.470992104,6.293823038,6.188443861,6.383338977,6.459647957,5.776056793,6.657942091,6.08365019,4.636332299,6.969494545,6.204447767,5.368576588
Madagascar,Renewable electricity output (% of total electricity output),57.64939868,57.16461002,54.04635897,59.4005545,58.9666411,62.05020795,64.94810811,66.55461143,65.09851035,61.84781011,61.12598031,59.61936438,60.2930672,59.76263893,56.23206107,56.40335918,54.35330469,58.84979913,54.94083472,58.17085463,52.28463241,48.01905337,49.68950637,50.77202982,53.30695635,54.59645655
Maldives,Renewable electricity output (% of total electricity output),0,0,0,0,0,0,0,0,0,0,0,0,0,0,0,0,0,0,0,0,0.315654105,0.335008375,0.602006689,0.329091346,0.608069077,1.277204455
Middle East & North Africa,Renewable electricity output (% of total electricity output),7.05262711,6.786301476,6.593235533,6.192166432,5.436265593,5.190495744,5.264097223,4.985356933,4.669138719,4.240543904,3.697566414,3.987692554,3.739549101,4.235518321,4.07995246,5.055191303,4.913618723,4.793486779,2.852765187,2.888379069,3.223074392,3.195492637,3.149777444,3.415429083,2.961798447,2.741456134
Mexico,Renewable electricity output (% of total electricity output),24.69331906,22.3885821,25.65555756,25.39635742,19.02182409,23.65022857,24.66469234,19.95725194,17.58655872,20.90752441,19.8040598,17.10563209,15.05583789,12.12571491,14.44842434,15.19731385,15.33424876,14.09044302,17.54302582,12.94733225,16.60285189,14.88880301,13.78813129,13.29954326,17.54351633,15.39413379
Marshall Islands,Renewable electricity output (% of total electricity output),0,0,0,0,0,0,0,0,0,0,0,0,0,0,0,0,0,0,0,0,0,0,0.257400257,0.275020926,0.234741784,0.233372229
Middle income,Renewable electricity output (% of total electricity output),23.87231381,23.90322661,24.13501305,25.19731119,25.97955065,25.97457166,25.16599328,24.82115174,25.13107534,24.3853308,23.65998323,23.33220679,22.66019948,21.61765198,22.18144331,22.16607568,21.78894537,21.09357331,21.49199263,21.72479323,22.03740212,21.20771392,22.21458983,22.51191836,23.04745661,23.51826922
North Macedonia,Renewable electricity output (% of total electricity output),8.527266412,14.69670711,13.98186315,10.07722008,11.70230679,13.06262231,12.79927722,13.36699837,15.36606129,20.23896255,17.17809426,9.839673059,12.42817271,20.39180766,22.22888856,21.49236531,23.55124179,15.54324408,13.31009349,18.59988284,33.48484848,21.21615624,16.67198978,26.14046603,24.04168217,35.93694651
Mali,Renewable electricity output (% of total electricity output),74.08906883,71.875,75.81227437,73.57859532,78.62318841,72.11538462,63.28358209,58.56777494,31.95020747,30.68783069,30.35935564,38.91891892,45.15522107,51.51267375,51.48833467,50.59008655,48.76219055,46.69978708,44.96961512,72.46085602,53.79560688,52.62734992,57.49284404,64.79330305,42.87441124,43.51635514
Malta,Renewable electricity output (% of total electricity output),0,0,0,0,0,0,0,0,0,0,0,0,0,0,0,0,0,0,0,0,0.04730369,0.458926113,1.133391456,1.554864505,3.340757238,7.674597084
Myanmar,Renewable electricity output (% of total electricity output),48.14366425,46.32050803,50.66755674,50.36927622,44.9081803,40.04932182,41.8504436,37.93025872,22.92824354,22.37551196,36.96756546,38.85689913,41.65351223,38.24884793,42.93100374,49.81715426,53.9422453,56.55571183,61.4768952,75.47386559,67.67864245,76.18565059,72.36302646,72.04213277,62.36490782,58.85410144
Middle East & North Africa (excluding high income),Renewable electricity output (% of total electricity output),12.52200882,11.75737518,11.79334609,11.30074528,9.870951417,9.426881139,9.512650872,9.003959314,8.546223893,7.68713045,6.666130242,7.181858016,6.707885489,7.645911157,7.259794978,9.12623841,8.837348939,8.654303737,5.19325572,5.267679718,5.883084854,5.828776349,5.80779092,6.242012283,5.404571878,5.092020058
Montenegro,Renewable electricity output (% of total electricity output),0,0,0,0,0,0,0,0,0,0,0,0,0,0,0,65.15363128,59.28184282,59.8880597,54.42008487,75.03623188,68.37394331,45.3313253,51.93389592,63.47275032,55.21588402,49.65034965
Mongolia,Renewable electricity output (% of total electricity output),0,0,0,0,0,0,0,0,0,0,0,0,0,0,0,0,0,0,0,0,0,0,0,1.693227092,3.162202381,3.083620533
Northern Mariana Islands,Renewable electricity output (% of total electricity output),0,0,0,0,0,0,0,0,0,0,0,0,0,0,0,0,0,0,0,0,0,0,0,0,0,0
Mozambique,Renewable electricity output (% of total electricity output),62.55506608,68.57749469,78.125,87.75510204,92.65822785,92.89215686,94.32773109,97.21393035,99.60664336,99.68871595,99.54620462,99.62978544,99.70106986,99.66076831,99.6073075,99.84192699,99.86428717,99.91913411,99.91406095,99.92336261,99.88599544,99.88116459,99.86153238,97.65693186,91.15757439,86.41088736
Mauritania,Renewable electricity output (% of total electricity output),10.60220526,10.27115859,10.06581494,9.878419453,10.10830325,8.218446303,8.068159814,8.085054776,8.230368,0,0,0,0,0,0,0,0,0,0,0,0,0,0,4.802955665,5.055409641,13.37325349
Mauritius,Renewable electricity output (% of total electricity output),31.15384615,30.1050175,32.68817204,27.70475228,22.80534351,26.84391081,25.9230165,24.51751251,27.63328999,20.75709779,29.64004499,28.72841444,27.58974359,27.23342939,27.34411085,25,22.25531915,22.39350913,23.23034806,23.63213038,24.32130904,20.21237642,20.7007508,20.60249307,20.2928158,22.72272272
Malawi,Renewable electricity output (% of total electricity output),98.05013928,98.04177546,97.98234552,84.36482085,84.15529906,84.25531915,81.56028369,82.50460405,82.50652742,82.51689189,84.25774878,85.95649392,85.96800122,87.33428208,85.94777891,85.78923505,85.74679224,86.78871846,89.87224145,90.68945652,91.05522721,90.85165849,91.3475557,91.03471503,91.30599757,91.30682899
Malaysia,Renewable electricity output (% of total electricity output),17.33142162,16.60138596,14.87431359,14.02746193,16.68542199,13.68615547,10.08829936,6.691083738,7.996903362,11.53557249,10.05847953,9.929097969,7.144877372,6.443308823,7.086432356,6.28016402,7.172436825,6.656343574,7.628756352,7.005853297,5.992659433,6.714368594,7.383484272,8.57764478,9.707802996,9.957168455
North America,Renewable electricity output (% of total electricity output),18.1782759,17.59866988,17.0180195,17.43083543,16.76851221,17.62531258,18.56748104,17.9159749,16.14106176,15.84340733,15.05492992,13.60714039,15.30073996,15.23761237,14.92196035,15.11586805,15.49954216,14.9365367,15.64238759,16.96674368,16.2898875,18.59055905,18.61499715,19.39997176,19.52780295,19.9474594
Namibia,Renewable electricity output (% of total electricity output),0,95.17638589,98.20512821,82.86203942,76.88787185,96.84030743,95.63269877,95.01557632,97.35034347,96.69148056,99.21819474,100,99.58012596,99.85925405,99.12980421,99.75903614,94.14694894,97.84263959,88.74045802,94.56375839,95.55555556,98.18181818,97.80888618,95.56724267,99.13217623,97.78645833
New Caledonia,Renewable electricity output (% of total electricity output),40.19180471,29.31623932,24.74977252,18.8976378,20.7957958,16.18374558,26.53198653,23.88451444,24.95285984,29.13580247,27.29483283,21.63100058,18.75357347,18.65756542,20.08343266,18.95910781,16.88034188,22.17030114,26.40646602,22.57189643,15.03893423,18.85861023,20.11049386,20.50910571,11.67348511,14.09470867
Niger,Renewable electricity output (% of total electricity output),0,0,0,0,0,0,0,0,0,0,0,0,0,0,0,0.873362445,0.917431193,0.892857143,1.315789474,1.167315175,1.023890785,0,0,0.902934537,0.902934537,0.753295669
Nigeria,Renewable electricity output (% of total electricity output),32.58560499,41.8648973,40.84535526,38.41433988,35.81224647,34.68499716,33.86074001,34.70248806,38.21719277,38.21244328,38.21552251,38.21627215,38.21768392,36.90051526,33.40061792,33.00055227,27.10082215,27.09983462,27.10090005,22.90033878,24.40182229,21.76148554,19.71364871,18.43991275,17.59131293,18.19512506
Nicaragua,Renewable electricity output (% of total electricity output),61.35895676,60.2521566,50.9456986,57.00288184,48.45360825,45.44474394,43.5022579,41.7603912,27.84642542,27.37765466,21.395151,19.8015873,24.58015267,27.05627706,27.72073922,34.61160275,30.05743459,28.99002494,35.52514133,30.90066609,37.00464608,33.9958159,42.81815927,52.3043687,53.86864597,50.05459707
Netherlands,Renewable electricity output (% of total electricity output),1.119942197,1.256990751,1.287909186,1.434699776,1.575118635,1.730999051,2.125891153,2.331172058,2.555012896,2.890913284,3.315817072,3.525404909,4.140402788,4.092214258,5.243345782,7.4508862,8.146064574,7.21057386,8.861759893,9.531097448,9.387943322,10.81228118,12.11446495,11.97511205,11.32104663,12.44208231
Norway,Renewable electricity output (% of total electricity output),99.79195961,99.80101842,99.81726894,99.80370537,99.64299387,99.66214558,99.49951288,99.57735262,99.61608163,99.5608691,99.71510971,99.52030463,99.5830774,99.39907565,99.35063166,99.4717476,99.31613074,99.13453626,99.40296182,96.57044259,95.7326474,96.49442114,97.95491121,97.70226925,97.65553085,97.70987062
Nepal,Renewable electricity output (% of total electricity output),99.88610478,96.56652361,94.69525959,93.35476956,91.98019802,96.90635452,96.72399672,90.84687767,90.48,95.46684709,98.37251356,99.03588645,99.81158738,99.82355536,99.4210091,99.36833794,99.52692868,99.67765043,99.6799431,99.58266453,99.90648379,99.94272623,99.46509009,99.71566676,99.97366342,100
Nauru,Renewable electricity output (% of total electricity output),0,0,0,0,0,0,0,0,0,0,0,0,0,0,0,0,0.609756098,0.497512438,0.512820513,0.469483568,0.442477876,0.432900433,0.421940928,0.411522634,0.398406375,0.398406375
New Zealand,Renewable electricity output (% of total electricity output),80.00619867,77.18945219,72.58770596,77.02407002,82.05216493,83.85280905,79.06396512,70.09350831,75.6460704,69.52428802,71.50100645,63.55503892,69.47746683,65.9955367,72.06184604,64.23617576,64.47869364,65.574932,64.25167043,71.70736198,73.18056298,76.04028505,71.8665281,74.25811223,79.20239053,80.08143875
OECD members,Renewable electricity output (% of total electricity output),17.51769948,17.15602382,17.03222209,17.68880871,16.77036853,17.31989415,17.30392555,17.08963982,16.31400299,16.09298403,15.85676004,15.06069768,15.37759608,15.17392979,15.47174696,15.50666442,15.91953101,15.76979367,16.71722769,17.74030279,18.06020796,19.47831413,20.45978784,21.68532935,22.51084722,23.33596346
Oman,Renewable electricity output (% of total electricity output),0,0,0,0,0,0,0,0,0,0,0,0,0,0,0,0,0,0,0,0,0,0,0,0,0,0
Other small states,Renewable electricity output (% of total electricity output),16.36204443,20.07813508,19.52834853,19.60170827,19.03945424,20.36679645,19.91887991,19.54695762,20.42774018,22.2382284,22.8418002,22.81769473,22.89437998,21.91550753,21.10518285,22.10463469,23.64589512,25.12724184,28.35043292,29.36998877,27.97051544,26.40219987,26.19335033,26.53395445,25.12735052,25.8007305
Pakistan,Renewable electricity output (% of total electricity output),44.92607438,44.55886649,43.25343167,38.37617976,42.68135562,40.74301666,35.27780127,35.49191537,34.31099835,29.32198237,25.24223384,26.15076626,29.52419951,33.33415811,29.97932943,32.96200963,32.53438954,30.00909462,30.32658051,29.46086811,33.70380573,29.98948365,31.06059818,31.00618779,31.10255356,31.43034972
Panama,Renewable electricity output (% of total electricity output),85.26869598,74.40860215,66.72407854,74.26120114,71.97262719,69.13895993,79.00104603,72.17970871,51.61059413,68.86462882,70.43175772,49.21935988,64.59474778,51.00430416,66.01284499,64.3041016,60.17699115,57.69826518,62.07003891,56.68835864,57.1041582,52.68473536,62.93153551,57.92587631,55.79842791,65.32634033
Peru,Renewable electricity output (% of total electricity output),76.80330243,80.27206187,74.8513946,80.41599136,81.09164251,80.29608523,77.92959704,74.42469494,74.99327052,77.06932773,81.98754645,85.52314949,82.91406996,81.70912581,72.88806432,72.26950076,73.29483149,66.7100999,60.13259328,60.59096845,57.7208136,56.76006425,55.250319,53.93968648,52.36845558,52.73051336
Philippines,Renewable electricity output (% of total electricity output),45.42484901,42.50847986,39.1959799,40.24605892,39.97899642,36.84383007,36.93195742,33.43468101,33.62355092,44.49217996,42.89026275,37.2922423,35.64280851,33.41896487,33.73125793,32.3651599,36.02838878,31.59987251,33.9159172,32.58506807,26.29830829,28.65589222,28.44448101,26.40368825,25.59731822,25.41346632
Palau,Renewable electricity output (% of total electricity output),0,0,0,0,0,0,0,0,0,0,0,0,0,0,0,0,0,0,0,0,0,0,0,0,0,0
Papua New Guinea,Renewable electricity output (% of total electricity output),33.09352518,33.09352518,33.09352518,33.09352518,62.42236025,55.33672173,53.61000569,43.69230769,39.9724011,55.05861919,47.07121787,34.64830666,32.27036395,29.23222152,24.36801881,28.88307155,32.5567503,38.81598134,38.54700855,39.18531268,37.97851831,37.94326241,37.32731137,35.77194753,34.53065134,34.53065134
Poland,Renewable electricity output (% of total electricity output),1.095115872,1.136158158,1.238072647,1.175452841,1.338394826,1.426569957,1.461818491,1.512754107,1.799376292,1.679988,1.62878735,1.936390646,1.941768012,1.499910005,2.102261554,2.476200285,2.669129905,3.420235448,4.271217116,5.742418327,6.931102751,8.053678932,10.43775624,10.40531148,12.51861105,13.80239867
Pre-demographic dividend,Renewable electricity output (% of total electricity output),49.25488919,51.84223165,46.57361433,46.42244278,44.12560915,43.87866037,43.27607224,42.61634478,46.3362787,45.9193085,46.40653745,48.44198043,48.05661401,49.92593966,47.1959181,52.67541969,50.74518438,51.32347235,47.80554481,48.16007942,46.99040152,44.44989569,45.94719038,43.64742374,41.84985257,40.58964438
Puerto Rico,Renewable electricity output (% of total electricity output),1.74694285,1.787805931,1.774622893,0.797292647,0.254340374,0.53341868,0.737062206,0.464883779,0.515570221,0.724867485,0.733473916,0.941619586,0.949257853,1.086184568,0.571783717,0.552840317,0.569206718,0.665692483,0.674828049,0.733664666,0.573634108,0.673052147,0.698647422,1.39324421,1.627869883,1.837446479
"Korea, Dem. People's Rep.",Renewable electricity output (% of total electricity output),56.31768953,57.03422053,57.48987854,60.18099548,59.74025974,61.73913043,58.68544601,55.44041451,60,55.37634409,52.57731959,52.47524752,53.70145631,55.81483951,56.88799891,57.31494413,56.25139291,61.70143567,60.62486533,59.16599612,61.85376662,68.65702694,70.18091079,75.82369627,72.58920096,72.79609813
Portugal,Renewable electricity output (% of total electricity output),34.71526357,33.12365447,18.57003004,30.45498548,37.14495436,28.30074825,45.86105704,41.67936248,36.36106613,20.09134548,29.66891082,34.09504419,21.32092004,38.05378216,27.47005153,17.88343293,32.36577734,34.58290686,32.19791094,36.96495695,52.80773314,46.47510022,42.50043883,58.31915146,60.740199,47.52637429
Paraguay,Renewable electricity output (% of total electricity output),99.97425051,99.96252257,99.95947091,99.95546507,99.98077821,99.7182565,99.96653877,99.9783737,99.97838178,99.97113719,100,100,100,100,100,100,100,100,100,100,99.99815041,99.99826464,99.99501951,99.99503155,99.98914656,99.99820608
West Bank and Gaza,Renewable electricity output (% of total electricity output),0,0,0,0,0,0,0,0,0,0,0,0,0,0,0,0,0,0,0,0,0,0,0,0,0,0
Pacific island small states,Renewable electricity output (% of total electricity output),61.17824773,60.35767511,43.90661812,41.98966408,43.08002013,39.278753,35.38271045,38.26885721,38.56511427,38.35487508,36.23395539,38.77500004,36.77172277,27.72661244,28.90743463,26.92210012,27.20430229,39.01755591,40.34843592,37.3632713,32.79349701,36.15390032,41.11567003,39.6695475,30.85407476,30.30156248
Post-demographic dividend,Renewable electricity output (% of total electricity output),16.39982219,16.16547622,15.93820345,16.52574685,15.83189125,16.29509129,16.29931014,16.18449057,15.54502121,15.35801545,15.13144036,14.38603399,14.60690457,14.48478244,14.64825439,14.71739056,15.05787653,14.97883653,15.85129801,17.02517929,17.21103519,18.54365557,19.55275222,20.93307627,21.72327646,22.38785436
French Polynesia,Renewable electricity output (% of total electricity output),18.60274914,17.95099338,28.70662461,29.41176471,28.95522388,36.10315186,35.2238806,35.1744186,46.90630151,34.53671233,33.33333333,24.02826855,22.68041237,26.0051495,28.01912908,28.51236133,30.45814307,32.4231441,29.79171848,29.10687703,34.20441298,29.98566015,28.02489944,27.16119062,31.71712689,32.01209739
Qatar,Renewable electricity output (% of total electricity output),0,0,0,0,0,0,0,0,0,0,0,0,0,0,0,0,0,0,0,0,0,0,0,0,0,0
Romania,Renewable electricity output (% of total electricity output),17.74401717,25.68174216,21.59239782,23.01716057,23.66149158,28.16623359,25.6805216,30.65724085,35.31105129,36.06783672,28.45534717,27.70393198,29.32127524,24.05150526,29.23414574,34.02117382,29.28369778,25.94976732,26.51641111,26.93579952,33.48785034,26.31494056,25.39558308,34.42155255,41.6060857,39.7469737
Russian Federation,Renewable electricity output (% of total electricity output),15.33814104,15.69414031,17.0465566,18.14990447,20.00717812,20.42662271,18.12705781,18.80051466,19.19112939,18.99243743,18.72960564,19.56702383,18.26085783,17.07669458,18.95623747,18.20252976,17.49382461,17.52064093,15.91410503,17.64404648,16.12058881,15.80302393,15.56373111,17.17463022,16.5682512,15.85579515
Rwanda,Renewable electricity output (% of total electricity output),97.66081871,97.63313609,97.72727273,97.48427673,97.5308642,97.56097561,97.4025974,97.22222222,96.92307692,96.96969697,96.46017699,97.79789899,98,98.3277592,58.66388309,55.77249576,22.49560633,25.70426792,37.22365039,39.97584541,39.95019566,43.29956585,46.26090939,35.88129932,44.0581476,56.88782816
South Asia,Renewable electricity output (% of total electricity output),27.78885227,26.15613632,24.31774267,22.76626763,24.63525612,20.89126681,18.83407299,18.9550095,19.40491023,17.49088394,15.42246951,15.24930095,14.54301991,16.22762391,16.54982848,18.77667525,19.68432769,19.63285494,18.41713925,17.45449283,18.17933246,18.71975998,17.19476415,18.87131211,17.6182362,16.86779926
Saudi Arabia,Renewable electricity output (% of total electricity output),0,0,0,0,0,0,0,0,0,0,0,0,0,0,0,0,0,0,0,0,0,0,0.00036808,0.000352092,0.000320712,0.000295564
Sudan,Renewable electricity output (% of total electricity output),63.23432343,62.49247441,66.64626683,64.70937129,60.33369214,52.14592275,52.06010664,49.02325581,53.05188199,49.93809327,46.04904632,44.64788732,41.61008729,34.67501491,31.92962215,32.95870361,30.3030303,28.89862577,26.57101344,49.73039593,82.70436058,76.48728563,70.14624841,80.8537534,78.34915612,64.53590864
Senegal,Renewable electricity output (% of total electricity output),4.656084656,4.540763674,4.27756654,4.339440694,4.205607477,4.06360424,3.906899418,3.718048025,3.618906942,3.576537911,3.304239401,3.276955603,12.91585127,18.34264432,14.92932862,12.6572327,11.84911849,8.320783133,9.777138749,10.21693492,10.72821847,10.69501745,9.826086957,10.41842179,10.41722746,10.41719343
Singapore,Renewable electricity output (% of total electricity output),0.540918926,1.44790497,1.386217042,1.2920578,1.175116313,1.101420608,1.01659751,0.91084839,0.863436123,0.829945799,0.773724933,1.429478074,1.364528041,1.400996264,1.301241477,1.250883207,1.209370722,1.183964214,1.258479756,1.298260089,1.305085867,1.327741319,1.358284899,1.546832329,1.662616444,1.820886641
Solomon Islands,Renewable electricity output (% of total electricity output),0,0,0,0,0,0,0,0,0,0,0,0,0,0,0,0,0,0,0,0,0,0,0,0,2.32755872,2.262630437
Sierra Leone,Renewable electricity output (% of total electricity output),0,0,0,0,0,0,0,0,0,0,16.57866948,10.95890411,10.26785714,11.14206128,14.10684474,22.48803828,10.19417476,30,69.01481524,66.66085757,87.38205474,87.37759053,66.09951307,64.10973904,65.35694521,60.97560976
El Salvador,Renewable electricity output (% of total electricity output),93.19206492,73.70483239,75.86062133,68.19978441,58.94502701,57.82477341,68.50207223,53.40211935,53.43046358,64.19652552,58.06929227,54.18468583,51.38587611,57.25587703,54.64238116,58.24175824,57.38284704,56.20375151,62.51675603,56.30179558,65.04010695,62.92947559,60.23729357,60.4432398,59.69789491,57.8226749
San Marino,Renewable electricity output (% of total electricity output),0,0,0,0,0,0,0,0,0,0,0,0,0,0,0,0,0,0,0,0,0,0,0,0,0,0
Somalia,Renewable electricity output (% of total electricity output),0,0,0,0,0,0,0,0,0,0,0,0,0,0,0,0,0,0,0,0,0,0,0,0,0,0
Serbia,Renewable electricity output (% of total electricity output),23.12933477,28.86610985,31.08693269,32.40740741,32.40740741,35.36663186,40.89219331,34.07822721,34.09860347,41.06554924,35.14938489,35.43979505,33.51397604,27.85443646,29.50963222,32.98788178,30.05674187,27.46101231,25.96725584,27.94612795,31.77457713,22.79349884,25.68908794,26.06368063,32.98451235,26.90517356
Sub-Saharan Africa (excluding high income),Renewable electricity output (% of total electricity output),19.4864126,21.02275952,20.03376977,19.07230604,18.51157218,18.65890565,18.05836276,17.82783219,18.89032552,19.89484564,20.61020039,21.95952246,22.02518637,20.64643967,20.91841727,21.32164342,21.58572747,20.66448783,21.46276684,22.70744038,23.75070659,23.82217102,24.11060919,24.78300271,26.60151334,26.63744743
South Sudan,Renewable electricity output (% of total electricity output),0,0,0,0,0,0,0,0,0,0,0,0,0,0,0,0,0,0,0,0,0,0,0.449438202,0.423728814,0.409836066,0.606060606
Sub-Saharan Africa,Renewable electricity output (% of total electricity output),19.47787956,21.01329402,20.02438267,19.06310064,18.50224054,18.64958978,18.04940854,17.81849584,18.87967876,19.88270255,20.59720919,21.94570507,22.01033807,20.63263657,20.90509251,21.30802633,21.57118997,20.65004442,21.44771108,22.69095819,23.73298202,23.80355184,24.0912317,24.76409855,26.58124078,26.61663702
Small states,Renewable electricity output (% of total electricity output),14.85135391,17.75917367,16.65350448,16.80742552,16.04570608,16.80906726,16.4651976,16.12759513,16.73093943,18.12963329,19.73752471,19.67748637,19.61796949,18.51755466,17.9845039,18.72303033,20.46480753,22.27755834,25.56011603,26.37643508,25.26215927,23.91962726,23.90347298,24.20219809,22.93582254,23.41813144
Sao Tome and Principe,Renewable electricity output (% of total electricity output),53.33333333,53.33333333,46.66666667,43.75,35.29411765,33.33333333,31.57894737,30,27.27272727,28.57142857,26.05363985,18.18181818,19.36507937,22.89855072,16.62198391,10.14492754,18.60465116,22.22222222,16.84210526,13.46153846,8.391608392,8.928571429,8.322496749,8.333333333,10.44776119,10.47345768
Suriname,Renewable electricity output (% of total electricity output),0,0,0,0,0,0,0,0,0,0,88.39590444,86.63967611,79.3768546,72.6109857,65.60056859,52.70092227,66.88396349,74.14790997,77.94544399,76.7816092,70.18561485,60.6355715,63.23529412,59.93589744,62.33944954,60.05314438
Slovak Republic,Renewable electricity output (% of total electricity output),7.37341648,5.803553027,8.337637741,14.41939777,17.10660696,18.46526411,16.60642728,16.22161019,16.58246541,15.91887564,14.98473927,15.94989955,16.82602757,11.55683212,13.54563362,14.91451901,15.36910819,17.68966012,15.86578581,18.94749026,21.62831343,17.6718043,19.32363739,22.28028337,22.94459997,22.67948333
Slovenia,Renewable electricity output (% of total electricity output),23.70620379,28.31136221,27.73007129,25.40599364,26.3590539,25.18392318,28.13050471,23.46690953,25.1238345,28.44216559,28.65531415,26.73855938,23.38676531,22.27930535,27.60133587,23.64887213,24.49884221,22.46227481,26.26989451,29.9152594,29.21562596,24.37951618,27.84280936,32.32336011,38.51890695,29.39191469
Sweden,Renewable electricity output (% of total electricity output),51.0001096,44.30087773,52.33321456,52.9243289,43.0287316,47.57877985,38.40158718,48.27754916,49.1828882,48.27432542,57.24673107,51.5616201,48.49693252,43.38265167,44.94933179,51.29416222,49.6007984,52.02690444,54.30904506,58.41995842,55.30176479,55.94460048,59.06774977,54.03349648,55.83768577,63.26274771
Eswatini,Renewable electricity output (% of total electricity output),42.30769231,48.68735084,48.68735084,48.68735084,48.68735084,49.41176471,49.41176471,44.44444444,44.29678848,41.54015402,40.94102619,45.24985187,43.09287074,31.18661258,29.19605078,39.09313725,35.73911453,38.11663143,37.05419176,47.42128646,51.47124506,50.94431881,43.79221615,40.65785012,53.2627866,46.57258065
Sint Maarten (Dutch part),Renewable electricity output (% of total electricity output),0,0,0,0,0,0,0,0,0,0,0,0,0,0,0,0,0,0,0,0,0,0,0,0,0,0
Seychelles,Renewable electricity output (% of total electricity output),0,0,0,0,0,0,0,0,0,0,0,0,0,0,0,0,0,0,0,0,0,0,0,1.962057478,2.149944873,2.380952381
Syrian Arab Republic,Renewable electricity output (% of total electricity output),23.49496167,22.03793415,21.01576182,20.54122488,16.80937953,15.1022864,13.90327681,13.32513325,12.76052744,11.91989132,12.81278503,12.76579814,8.749509156,9.338705854,13.01555632,12.38013454,10.58123005,9.000569329,6.993637715,4.308672763,5.584642234,7.842809365,9.228006158,12.03176386,11.10741919,2.309714222
Turks and Caicos Islands,Renewable electricity output (% of total electricity output),0,0,0,0,0,0,0,0,0,0,0,0,0,0,0,0,0,0,0,0,0,0,0,0,0,0
Chad,Renewable electricity output (% of total electricity output),0,0,0,0,0,0,0,0,0,0,0,0,0,0,0,0,0,0,0,0,0,0,0,0,0,0
East Asia & Pacific (IDA & IBRD countries),Renewable electricity output (% of total electricity output),21.28478243,19.39114,18.51944631,18.63539518,18.59605544,19.46225543,17.97215014,17.25334084,17.86290768,17.21727209,17.34371733,19.19926055,17.77030563,15.43375971,16.25854424,16.08379634,15.72705348,15.40080689,17.64779566,17.75892835,18.22308336,16.86815863,19.80566511,20.09906884,22.17043677,23.29373303
Europe & Central Asia (IDA & IBRD countries),Renewable electricity output (% of total electricity output),14.00096384,14.96959725,15.70341235,17.3983356,18.90080172,19.24776445,18.74964228,18.79256084,19.7063464,19.38358779,18.16054388,18.02021195,17.83591338,16.956084,18.985764,18.41688463,17.70839503,16.53594748,15.85585755,17.56446771,18.42344391,16.96803199,17.29151047,19.20246373,18.19499148,19.14886207
Togo,Renewable electricity output (% of total electricity output),60.12658228,68.19787986,76.64670659,79.58477509,59.91902834,82.52427184,79.83193277,64.58333333,57.14285714,48.13084112,57.14285714,40.6504065,57.23684211,70.45454545,44.62365591,40.21164021,42.53393665,52.04081633,75.6097561,75,54.18994413,86.71875,84.68468468,81.72043011,86.20689655,75.30864198
Thailand,Renewable electricity output (% of total electricity output),11.26403477,9.140181329,7.424077901,5.840049206,6.343341248,8.742179988,9.129360433,8.093235793,6.105361347,4.888992548,6.811006804,6.636399141,7.484428463,7.224981408,5.823729191,5.544755176,6.917155584,6.91389195,6.597886397,6.897179131,5.60988453,8.047900199,8.390870733,8.277930019,8.514534749,8.538478848
Tajikistan,Renewable electricity output (% of total electricity output),90.92913039,93.27191037,94.68553085,96.4883603,98.28642092,98.45531197,98.42650378,97.91503035,98.10705866,97.65778312,98.44177722,98.77624809,99.0981571,98.95208674,99.07828513,99.28028087,98.61824624,97.82782668,97.85099399,98.65359558,99.78703985,99.76598103,99.56403912,99.74291557,99.02865469,98.4733714
Turkmenistan,Renewable electricity output (% of total electricity output),4.791238877,4.697986577,0.030342107,0.039566353,0.038109756,0.040816327,0.04950495,0.052642662,0.063721325,0.056433409,0,0,0,0,0,0,0,0,0,0,0,0,0,0,0,0
Latin America & the Caribbean (IDA & IBRD countries),Renewable electricity output (% of total electricity output),67.7198819,67.55812852,67.58901439,68.958465,67.87664228,67.62670184,67.33984896,66.26171973,63.84807573,62.86064786,62.81211489,59.40519291,59.9811875,58.84491951,59.01786895,59.92190616,60.33097327,59.72494018,58.79442156,59.30563565,58.34031035,59.29933616,56.60351149,54.83909054,54.6158949,53.24438908
Timor-Leste,Renewable electricity output (% of total electricity output),0,0,0,0,0,0,0,0,0,0,0,0,0,0,0,0,0,0,0,0,0,0,0,0,0,0
Middle East & North Africa (IDA & IBRD countries),Renewable electricity output (% of total electricity output),12.52605555,11.76102418,11.79674805,11.30379946,9.873616361,9.429316455,9.514204643,9.005341789,8.547948336,7.690999028,6.666754647,7.182560256,6.710465983,7.652324818,7.266325635,9.136004487,8.843446537,8.661121625,5.197202417,5.272211129,5.887490408,5.833884997,5.811754224,6.246783224,5.407066183,5.095515909
Tonga,Renewable electricity output (% of total electricity output),0,0,0,0,0,0,0,0,0,0,0,0,0,0,0,0,0,0,0,0,0,0,0,3.845215989,4.578361834,5.907409079
South Asia (IDA & IBRD),Renewable electricity output (% of total electricity output),27.78885227,26.15613632,24.31774267,22.76626763,24.63525612,20.89126681,18.83407299,18.9550095,19.40491023,17.49088394,15.42246951,15.24930095,14.54301991,16.22762391,16.54982848,18.77667525,19.68432769,19.63285494,18.41713925,17.45449283,18.17933246,18.71975998,17.19476415,18.87131211,17.6182362,16.86779926
Sub-Saharan Africa (IDA & IBRD countries),Renewable electricity output (% of total electricity output),19.47787956,21.01329402,20.02438267,19.06310064,18.50224054,18.64958978,18.04940854,17.81849584,18.87967876,19.88270255,20.59720919,21.94570507,22.01033807,20.63263657,20.90509251,21.30802633,21.57118997,20.65004442,21.44771108,22.69095819,23.73298202,23.80355184,24.0912317,24.76409855,26.58124078,26.61663702
Trinidad and Tobago,Renewable electricity output (% of total electricity output),0.866648029,0.672043011,0.754527163,0.733560388,0.786434013,0.766194567,0.37436688,0.360866079,0.348229832,0.343053173,0.366367467,0.513819986,0.460666194,0.186422246,0.357698289,0.311703032,0.625869263,0.247524752,0.258698745,0.242254239,0,0,0,0,0,0
Tunisia,Renewable electricity output (% of total electricity output),0.791602134,1.824212272,1.047927262,0.966037736,0.56753689,0.508540879,0.845212565,0.518684428,0.792515135,0.900270081,0.821064553,0.684691011,0.793851871,1.762621789,1.658291457,1.476976542,0.995329607,0.66962661,0.48040103,1.153947023,1.160517957,1.000181851,1.721942307,2.333931777,3.062021559,2.835942265
Turkiye,Renewable electricity output (% of total electricity output),40.36633474,37.84815589,39.62608773,46.18063083,39.21808966,41.56550373,42.94132529,38.9105096,38.33474447,29.98282377,24.93876179,19.83784885,26.2488408,25.29431431,30.73099842,24.54246832,25.25368834,19.0318337,17.34772047,19.57836273,26.37778872,25.32684084,27.23051742,28.8231718,20.88719375,31.95662056
Tuvalu,Renewable electricity output (% of total electricity output),0,0,0,0,0,0,0,0,0,0,0,0,0,0,0,0,0,0,0,0,0,0,0,0,0,28.16901408
Tanzania,Renewable electricity output (% of total electricity output),95.14742015,94.73106476,90.85903084,88.84816754,84.16619876,79.98960499,86.27838105,75.50807712,96.65116279,93.7147811,86.36731392,94.7935368,96.24911536,95.86310643,60.24565608,50.0140647,41.67633411,60.37284895,60.42378674,55.78991774,51.6875237,39.79972511,32.18822687,29.50681703,42.2897572,34.15409055
Uganda,Renewable electricity output (% of total electricity output),99.35400517,99.40047962,99.44134078,99.41060904,99.5269631,99.54421149,99.57264957,99.60254372,99.51342019,99.55176403,99.60814056,99.61709486,99.64514652,99.65597603,99.88672639,96.38490165,76.67079208,72.29902714,70.83434925,59.60593395,54.84343825,61.11237059,87.00017191,96.26767366,91.35896353,92.95052698
Ukraine,Renewable electricity output (% of total electricity output),3.520791894,4.205166142,3.124244502,4.805666324,5.977909656,5.135150474,4.722488169,5.542496598,9.11807977,8.332364025,6.58613059,6.972101179,5.559076349,5.143500843,6.474756908,6.670324291,6.686746053,5.39360309,6.138037033,6.979650845,7.091638952,5.745121776,5.663354557,7.800997388,5.587031186,4.381646803
Upper middle income,Renewable electricity output (% of total electricity output),24.65846009,24.6668599,25.05844273,26.43249775,27.09773254,27.81668921,26.91604304,26.76324154,27.0191547,26.2294953,25.7451203,25.30065771,24.71657303,22.94609175,23.65228288,23.28908025,22.62388963,21.81297467,22.60195354,23.03372804,23.32861223,22.11588333,23.62268685,23.6942632,24.66961967,25.54383731
Uruguay,Renewable electricity output (% of total electricity output),94.94895218,87.90425987,89.76289471,92.22862873,98.79249245,93.5468527,87.09145427,91.1723559,96.12249164,77.1059216,93.38429099,99.79459459,99.67725143,99.87177993,81.5847645,87.50325436,64.87448816,87.05707617,60.90774319,68.73801737,87.6216462,72.04176334,61.74388978,80.85234094,90.72608529,88.55895197
United States,Renewable electricity output (% of total electricity output),11.52864685,10.75741423,9.916110117,10.48432561,9.747235524,10.80108499,11.58145005,10.97782813,9.608584982,9.069200581,8.205996942,6.783992314,8.646361178,8.889376121,8.630185532,8.578465534,9.244631183,8.367763936,9.003541347,10.29184507,10.12035515,12.22571352,12.00739706,12.63791912,12.95382709,13.22859321
Uzbekistan,Renewable electricity output (% of total electricity output),11.80292943,11.13449645,12.33721593,14.97080307,14.9707113,13.04027143,14.3662344,12.54397012,12.54466231,12.54518205,12.54481052,12.54560997,12.54512269,15.42510121,18.02,17.54065041,17.98900236,13.07456588,22.99595142,18.67867868,20.9787234,19.54198473,21.35238095,21.32841328,21.35379061,20.65293296
St. Vincent and the Grenadines,Renewable electricity output (% of total electricity output),47.05882353,24.52830189,35.0877193,37.09677419,32.8125,29.36288089,27.63157895,27.680798,25.93896714,19.44134078,26.55246253,18.72469636,21.61100196,19.13123845,22.45236123,19.36218679,17.274758,16.08788094,17.02586207,18.35443038,17.5,21.37341423,17.98043728,17.98561151,15.87503175,15.6626506
"Venezuela, RB",Renewable electricity output (% of total electricity output),62.34385799,70.32540221,70.09341637,68.42985212,72.00685191,70.05146638,71.23749802,73.35938,71.59649947,75.16465525,73.74840215,67.06798788,64.81513739,65.83572609,71.10459453,73.28342063,73.89831736,72.72225822,72.79395123,71.88660311,67.49000132,70.9302227,67.41140786,67.8345242,68.26270423,63.6950421
British Virgin Islands,Renewable electricity output (% of total electricity output),0,0,0,0,0,0,0,0,0,0,0,0,0,0,0,0,0,0,0,0,0,0.810176422,0.816357671,1.020252779,1.286269818,1.286269818
Virgin Islands (U.S.),Renewable electricity output (% of total electricity output),0,0,0,0,0,0,0,0,0,0,0,0,0,0,0,0,0,0,0,0,0,0.341455795,0.971550609,1.650199063,2.755002347,3.877525411
Viet Nam,Renewable electricity output (% of total electricity output),61.8477134,68.58849077,74.47707367,74.70455824,75.21972656,72.24194429,70.8687441,60.92933305,51.15732202,58.46597903,54.78332894,59.49424987,50.83808247,46.39218082,38.55958796,31.67399732,33.84358521,34.49438873,35.48149763,36.13225128,29.14028008,39.46018141,45.01921899,41.66200202,42.98140651,36.7320577
Vanuatu,Renewable electricity output (% of total electricity output),0,0,0,0,0,0,0,0,0,0,0,0,0,3,3.00245098,3.003604325,3.003533569,3.002309469,18.98936945,18.98936945,19.11807369,15.91680189,15.3674833,15.06646972,15.31531532,21.25984252
World,Renewable electricity output (% of total electricity output),19.36203905,19.23356777,19.15839696,19.78794997,19.53811858,19.83535609,19.50510302,19.38296657,19.03618413,18.664584,18.33315487,17.86959113,17.78865441,17.37855417,17.80971628,17.97509024,18.11623199,17.88139672,18.55474759,19.33418182,19.56099755,19.93282502,20.90153641,21.71034584,22.40725845,22.85445608
Samoa,Renewable electricity output (% of total electricity output),40,40,41.66666667,41.66666667,39.0625,38.46153846,33.78378378,36.58536585,36.14457831,35.29411765,49.57081545,44.49499545,50.0393391,47.82608696,47.34848485,46.15384615,45.25862069,45.03816794,40.66390041,34.30851064,41.04991394,32.29357798,32.79857398,36.47388829,33.7952271,30.35048471
Kosovo,Renewable electricity output (% of total electricity output),0,0,0,0,0,0,0,0,0,0,1.75853906,1.390374332,1.399730821,1.432506887,2.768250857,2.512337371,2.277852954,1.944157187,1.472297559,2.411575563,3.037925697,1.810032753,1.615345785,2.191570881,2.777777778,2.287955548
"Yemen, Rep.",Renewable electricity output (% of total electricity output),0,0,0,0,0,0,0,0,0,0,0,0,0,0,0,0,0,0,0,0,0,0,0,0,0,0
South Africa,Renewable electricity output (% of total electricity output),0.610696254,1.189103488,0.450955582,0.084217327,0.596093754,0.285358262,0.69124193,1.077235577,0.899711265,0.460528285,0.677453966,1.101007335,1.208799253,0.417733343,0.508031378,0.665138088,1.267684801,0.442994242,0.587823215,0.693636935,0.948380661,0.918420809,0.602950811,0.609023982,1.293136276,2.255041826
Zambia,Renewable electricity output (% of total electricity output),99.22625733,99.28152979,99.07252547,99.29251037,99.3980344,99.33114589,99.28820656,99.30739202,99.15822702,99.33024214,99.38445755,99.37051492,99.37446339,99.37417258,99.43582511,99.40689346,99.86573022,99.8755574,99.87413468,99.87870211,99.87557427,99.86954253,99.85446313,99.85714286,97.16302242,96.99382395
Zimbabwe,Renewable electricity output (% of total electricity output),46.66737877,35.32048409,38.37562219,27.61114087,27.80358328,29.25361669,29.53707497,29.09016169,29.25717758,41.00973064,45.66118656,37.50316216,44.35775009,60.73417434,56.6004733,52.43225944,67.88312014,71.57313707,75.89508197,75.64120148,68.00923254,57.85590278,60.39334999,53.93939394,55.60542589,52.72427644
