Country,ISO2,ISO3,Unit,1992,1993,1994,1995,1996,1997,1998,1999,2000,2001,2002,2003,2004,2005,2006,2007,2008,2009,2010,2011,2012,2013,2014,2015,2016,2017,2018,2019,2020,2021,2022,Change_Absolute,Change_Percent
Afghanistan,AF,AFG,1000 HA,65223.0,65223.0,65223.0,65223.0,65223.0,65223.0,65223.0,65223.0,65223.0,65223.0,65223.0,65223.0,65223.0,65223.0,65223.0,65223.0,65223.0,65223.0,65223.0,65223.0,65223.0,65223.0,65223.0,65223.0,65223.0,65223.0,65223.0,65223.0,65223.0,65223.0,65223.0,0.0,0.0
Albania,AL,ALB,1000 HA,2740.0,2740.0,2740.0,2740.0,2740.0,2740.0,2740.0,2740.0,2740.0,2740.0,2740.0,2740.0,2740.0,2740.0,2740.0,2740.0,2740.0,2740.0,2740.0,2740.0,2740.0,2740.0,2740.0,2740.0,2740.0,2740.0,2740.0,2740.0,2740.0,2740.0,2740.0,0.0,0.0
Algeria,DZ,DZA,1000 HA,238174.0,238174.0,238174.0,238174.0,238174.0,238174.0,238174.0,238174.0,238174.0,238174.0,238174.0,238174.0,238174.0,238174.0,238174.0,238174.0,238174.0,238174.0,238174.0,238174.0,238174.0,238174.0,238174.0,238174.1,238174.1,238174.1,238174.1,238174.1,238174.1,238174.1,238174.1,0.10000000000582077,0.0
American Samoa,AS,ASM,1000 HA,20.0,20.0,20.0,20.0,20.0,20.0,20.0,20.0,20.0,20.0,20.0,20.0,20.0,20.0,20.0,20.0,20.0,20.0,20.0,20.0,20.0,20.0,20.0,20.0,20.0,20.0,20.0,20.0,20.0,20.0,20.0,0.0,0.0
Andorra,AD,AND,1000 HA,47.0,47.0,47.0,47.0,47.0,47.0,47.0,47.0,47.0,47.0,47.0,47.0,47.0,47.0,47.0,47.0,47.0,47.0,47.0,47.0,47.0,47.0,47.0,47.0,47.0,47.0,47.0,47.0,47.0,47.0,47.0,0.0,0.0
Angola,AO,AGO,1000 HA,124670.0,124670.0,124670.0,124670.0,124670.0,124670.0,124670.0,124670.0,124670.0,124670.0,124670.0,124670.0,124670.0,124670.0,124670.0,124670.0,124670.0,124670.0,124670.0,124670.0,124670.0,124670.0,124670.0,124670.0,124670.0,124670.0,124670.0,124670.0,124670.0,124670.0,124670.0,0.0,0.0
Anguilla,AI,AIA,1000 HA,9.0,9.0,9.0,9.0,9.0,9.0,9.0,9.0,9.0,9.0,9.0,9.0,9.0,9.0,9.0,9.0,9.0,9.0,9.0,9.0,9.0,9.0,9.0,9.0,9.0,9.0,9.0,9.0,9.0,9.0,9.0,0.0,0.0
Antigua and Barbuda,AG,ATG,1000 HA,44.0,44.0,44.0,44.0,44.0,44.0,44.0,44.0,44.0,44.0,44.0,44.0,44.0,44.0,44.0,44.0,44.0,44.0,44.0,44.0,44.0,44.0,44.0,44.0,44.0,44.0,44.0,44.0,44.0,44.0,44.0,0.0,0.0
Argentina,AR,ARG,1000 HA,273669.0,273669.0,273669.0,273669.0,273669.0,273669.0,273669.0,273669.0,273669.0,273669.0,273669.0,273669.0,273669.0,273669.0,273669.0,273669.0,273669.0,273669.0,273669.0,273669.0,273669.0,273669.0,273669.0,273669.0,273669.0,273669.0,273669.0,273669.0,273669.0,273669.0,273669.0,0.0,0.0
"Armenia, Rep. of",AM,ARM,1000 HA,2847.0,2847.0,2847.0,2847.0,2847.0,2847.0,2847.0,2847.0,2847.0,2847.0,2847.0,2847.0,2847.0,2847.0,2847.0,2847.0,2847.0,2847.0,2847.0,2847.0,2847.0,2847.0,2847.0,2847.0,2847.0,2847.0,2847.0,2847.0,2847.0,2847.0,2847.0,0.0,0.0
Aruba,AW,ABW,1000 HA,18.0,18.0,18.0,18.0,18.0,18.0,18.0,18.0,18.0,18.0,18.0,18.0,18.0,18.0,18.0,18.0,18.0,18.0,18.0,18.0,18.0,18.0,18.0,18.0,18.0,18.0,18.0,18.0,18.0,18.0,18.0,0.0,0.0
Australia,AU,AUS,1000 HA,768230.0,768230.0,768230.0,768230.0,768230.0,768230.0,768230.0,768230.0,768230.0,768230.0,768230.0,768230.0,768230.0,768230.0,768230.0,768230.0,768230.0,768230.0,768230.0,768230.0,768230.0,768230.0,768230.0,768230.0,769202.0,769202.0,769202.0,769202.0,769202.0,769202.0,769202.0,972.0,0.13
Austria,AT,AUT,1000 HA,8252.0,8252.0,8252.0,8252.0,8252.0,8252.0,8252.0,8252.0,8252.0,8252.0,8252.0,8252.0,8252.0,8252.0,8252.0,8252.0,8252.0,8252.0,8252.0,8252.0,8252.0,8252.0,8252.0,8252.0,8252.0,8252.0,8252.0,8252.0,8252.0,8252.0,8252.0,0.0,0.0
"Azerbaijan, Rep. of",AZ,AZE,1000 HA,8321.7,8321.7,8321.7,8321.7,8321.7,8321.7,8309.2,8270.5,8260.5,8260.4,8261.8,8265.2,8267.2,8266.0,8263.7,8262.9,8262.7,8262.2,8265.6,8265.8,8265.8,8265.9,8266.3,8266.3,8267.0,8266.2,8265.4,8265.4,8264.6,8265.0,8265.0,-56.70000000000073,-0.68
"Bahamas, The",BS,BHS,1000 HA,1001.0,1001.0,1001.0,1001.0,1001.0,1001.0,1001.0,1001.0,1001.0,1001.0,1001.0,1001.0,1001.0,1001.0,1001.0,1001.0,1001.0,1001.0,1001.0,1001.0,1001.0,1001.0,1001.0,1001.0,1001.0,1001.0,1001.0,1001.0,1001.0,1001.0,1001.0,0.0,0.0
Bahrain,BH,BHR,1000 HA,71.0,71.0,71.0,71.0,71.0,71.0,71.0,71.0,71.0,71.0,71.0,72.0,73.0,74.0,74.0,75.0,76.0,76.0,76.2,76.7,77.0,77.0,77.1,77.8,77.9,78.0,77.8,78.0,78.5,79.0,79.0,8.0,11.27
Bangladesh,BD,BGD,1000 HA,13017.0,13017.0,13017.0,13017.0,13017.0,13017.0,13017.0,13017.0,13017.0,13017.0,13017.0,13017.0,13017.0,13017.0,13017.0,13017.0,13017.0,13017.0,13017.0,13017.0,13017.0,13017.0,13017.0,13017.0,13017.0,13017.0,13017.0,13017.0,13017.0,13017.0,13017.0,0.0,0.0
Barbados,BB,BRB,1000 HA,43.0,43.0,43.0,43.0,43.0,43.0,43.0,43.0,43.0,43.0,43.0,43.0,43.0,43.0,43.0,43.0,43.0,43.0,43.0,43.0,43.0,43.0,43.0,43.0,43.0,43.0,43.0,43.0,43.0,43.0,43.0,0.0,0.0
"Belarus, Rep. of",BY,BLR,1000 HA,20292.8,20289.2,20287.8,20286.8,20285.4,20285.5,20282.9,20283.5,20284.8,20284.4,20282.9,20282.6,20281.5,20283.3,20290.4,20290.1,20290.2,20289.8,20290.2,20291.0,20289.9,20290.8,20297.3,20297.8,20298.8,20298.8,20298.0,20296.5,20298.0,20295.0,20299.0,6.200000000000728,0.03
Belgium,BE,BEL,1000 HA,,,,,,,,,3033.3,3033.3,3033.3,3033.3,3033.3,3033.3,3033.3,3033.3,3033.3,3033.3,3033.3,3033.3,3033.3,3033.3,3033.3,3033.3,3033.3,3033.3,3049.3,3049.4,3049.4,3049.4,3049.4,,
Belize,BZ,BLZ,1000 HA,2281.0,2281.0,2281.0,2281.0,2281.0,2281.0,2281.0,2281.0,2281.0,2281.0,2281.0,2281.0,2281.0,2281.0,2281.0,2281.0,2281.0,2281.0,2281.0,2281.0,2281.0,2281.0,2281.0,2281.0,2281.0,2281.0,2281.0,2281.0,2281.0,2281.0,2281.0,0.0,0.0
Benin,BJ,BEN,1000 HA,11276.0,11276.0,11276.0,11276.0,11276.0,11276.0,11276.0,11276.0,11276.0,11276.0,11276.0,11276.0,11276.0,11276.0,11276.0,11276.0,11276.0,11276.0,11276.0,11276.0,11276.0,11276.0,11276.0,11276.0,11276.0,11276.0,11276.0,11276.0,11276.0,11276.0,11276.0,0.0,0.0
Bermuda,BM,BMU,1000 HA,5.4,5.4,5.4,5.4,5.4,5.4,5.4,5.4,5.4,5.4,5.4,5.4,5.4,5.4,5.4,5.4,5.4,5.4,5.4,5.4,5.4,5.4,5.4,5.4,5.4,5.4,5.4,5.4,5.4,5.4,5.4,0.0,0.0
Bhutan,BT,BTN,1000 HA,4672.3,4672.3,3980.0,3980.0,3980.0,3980.0,3980.0,3980.0,3980.0,3980.0,3980.0,3980.0,3811.7,3811.7,3811.7,3811.7,3811.7,3811.7,3811.7,3811.7,3811.7,3811.7,3811.7,3811.7,3814.4,3814.4,3814.0,3814.0,3814.0,3814.0,3814.0,-858.3000000000002,-18.37
Bolivia,BO,BOL,1000 HA,108330.0,108330.0,108330.0,108330.0,108330.0,108330.0,108330.0,108330.0,108330.0,108330.0,108330.0,108330.0,108330.0,108330.0,108330.0,108330.0,108330.0,108330.0,108330.0,108330.0,108330.0,108330.0,108330.0,108330.0,108330.0,108330.0,108330.0,108330.0,108330.0,108330.0,108330.0,0.0,0.0
Bosnia and Herzegovina,BA,BIH,1000 HA,5120.0,5120.0,5120.0,5120.0,5120.0,5120.0,5120.0,5120.0,5120.0,5120.0,5120.0,5120.0,5120.0,5120.0,5120.0,5120.0,5120.0,5120.0,5120.0,5120.0,5120.0,5120.0,5120.0,5120.0,5120.0,5120.0,5120.0,5120.0,5120.0,5120.0,5120.0,0.0,0.0
Botswana,BW,BWA,1000 HA,56673.0,56673.0,56673.0,56673.0,56673.0,56673.0,56673.0,56673.0,56673.0,56673.0,56673.0,56673.0,56673.0,56673.0,56673.0,56673.0,56673.0,56673.0,56673.0,56673.0,56673.0,56673.0,56673.0,56673.0,56673.0,56673.0,56673.0,56673.0,56673.0,56673.0,56673.0,0.0,0.0
Brazil,BR,BRA,1000 HA,835814.0,835814.0,835814.0,835814.0,835814.0,835814.0,835814.0,835814.0,835814.0,835814.0,835814.0,835814.0,835814.0,835814.0,835814.0,835814.0,835814.0,835814.0,835814.0,835814.0,835814.0,835814.0,835814.0,835814.0,835814.0,835814.0,835814.0,835814.0,835814.0,835814.0,835814.0,0.0,0.0
British Virgin Islands,VG,VGB,1000 HA,15.0,15.0,15.0,15.0,15.0,15.0,15.0,15.0,15.0,15.0,15.0,15.0,15.0,15.0,15.0,15.0,15.0,15.0,15.0,15.0,15.0,15.0,15.0,15.0,15.0,15.0,15.0,15.0,15.0,15.0,15.0,0.0,0.0
Brunei Darussalam,BN,BRN,1000 HA,527.0,527.0,527.0,527.0,527.0,527.0,527.0,527.0,527.0,527.0,527.0,527.0,527.0,527.0,527.0,527.0,527.0,527.0,527.0,527.0,527.0,527.0,527.0,527.0,527.0,527.0,527.0,527.0,527.0,527.0,527.0,0.0,0.0
Bulgaria,BG,BGR,1000 HA,11063.0,11063.0,11063.0,11063.0,11063.0,11063.0,11063.0,11063.0,11063.0,11063.0,10880.0,10877.0,10876.0,10864.0,10863.0,10861.0,10861.0,10856.0,10856.0,10856.0,10856.0,10856.0,10856.0,10856.0,10856.0,10856.0,10856.0,10856.0,10856.0,10856.0,10856.0,-207.0,-1.87
Burkina Faso,BF,BFA,1000 HA,27360.0,27360.0,27360.0,27360.0,27360.0,27360.0,27360.0,27360.0,27360.0,27360.0,27360.0,27360.0,27360.0,27360.0,27360.0,27360.0,27360.0,27360.0,27360.0,27360.0,27360.0,27360.0,27360.0,27360.0,27360.0,27360.0,27360.0,27360.0,27360.0,27360.0,27360.0,0.0,0.0
Burundi,BI,BDI,1000 HA,2568.0,2568.0,2568.0,2568.0,2568.0,2568.0,2568.0,2568.0,2568.0,2568.0,2568.0,2568.0,2568.0,2568.0,2568.0,2568.0,2568.0,2568.0,2568.0,2568.0,2568.0,2568.0,2568.0,2568.0,2568.0,2568.0,2568.0,2568.0,2568.0,2568.0,2568.0,0.0,0.0
Cabo Verde,CV,CPV,1000 HA,403.0,403.0,403.0,403.0,403.0,403.0,403.0,403.0,403.0,403.0,403.0,403.0,403.0,403.0,403.0,403.0,403.0,403.0,403.0,403.0,403.0,403.0,403.0,403.0,403.0,403.0,403.0,403.0,403.0,403.0,403.0,0.0,0.0
Cambodia,KH,KHM,1000 HA,17652.0,17652.0,17652.0,17652.0,17652.0,17652.0,17652.0,17652.0,17652.0,17652.0,17652.0,17652.0,17652.0,17652.0,17652.0,17652.0,17652.0,17652.0,17652.0,17652.0,17652.0,17652.0,17652.0,17652.0,17652.0,17652.0,17652.0,17652.0,17652.0,17652.0,17652.0,0.0,0.0
Cameroon,CM,CMR,1000 HA,47271.0,47271.0,47271.0,47271.0,47271.0,47271.0,47271.0,47271.0,47271.0,47271.0,47271.0,47271.0,47271.0,47271.0,47271.0,47271.0,47271.0,47271.0,47271.0,47271.0,47271.0,47271.0,47271.0,47271.0,47271.0,47271.0,47271.0,47271.0,47271.0,47271.0,47271.0,0.0,0.0
Canada,CA,CAN,1000 HA,896559.0,896559.0,896559.0,896559.0,896559.0,896559.0,896559.0,896559.0,896559.0,896559.0,896559.0,896559.0,896559.0,896559.0,896559.0,896559.0,896559.0,896559.0,896559.0,896559.0,896559.0,896559.0,896559.0,896559.0,896559.0,896559.0,896559.0,896559.0,896559.0,878870.0,878870.0,-17689.0,-1.97
Cayman Islands,KY,CYM,1000 HA,24.0,24.0,24.0,24.0,24.0,24.0,24.0,24.0,24.0,24.0,24.0,24.0,24.0,24.0,24.0,24.0,24.0,24.0,24.0,24.0,24.0,24.0,24.0,24.0,24.0,24.0,24.0,24.0,24.0,24.0,24.0,0.0,0.0
Central African Rep.,CF,CAF,1000 HA,62298.0,62298.0,62298.0,62298.0,62298.0,62298.0,62298.0,62298.0,62298.0,62298.0,62298.0,62298.0,62298.0,62298.0,62298.0,62298.0,62298.0,62298.0,62298.0,62298.0,62298.0,62298.0,62298.0,62298.0,62298.0,62298.0,62298.0,62298.0,62298.0,62298.0,62298.0,0.0,0.0
Chad,TD,TCD,1000 HA,125920.0,125920.0,125920.0,125920.0,125920.0,125920.0,125920.0,125920.0,125920.0,125920.0,125920.0,125920.0,125920.0,125920.0,125920.0,125920.0,125920.0,125920.0,125920.0,125920.0,125920.0,125920.0,125920.0,125920.0,125920.0,125920.0,125920.0,125920.0,125920.0,125920.0,125920.0,0.0,0.0
Chile,CL,CHL,1000 HA,74353.2,74353.2,74353.2,74353.2,74353.2,74353.2,74353.2,74353.2,74353.2,74353.2,74353.2,74353.2,74353.2,74353.2,74353.2,74353.2,74353.2,74353.2,74353.2,74353.2,74353.2,74353.2,74353.2,74353.2,74353.2,74353.2,74353.2,74353.2,74353.2,74353.2,74353.2,0.0,0.0
"China, P.R.: Mainland",CN,CHN,1000 HA,938825.0,938825.0,938825.0,938824.0,938823.0,938823.0,938823.0,938823.0,938822.0,938821.42,938821.32,938821.27,938821.25,938821.18,938821.14,938821.08,938821.08,938821.1,938821.1,938821.1,938821.1,938821.1,938821.1,938821.1,938821.0,938821.0,938821.0,938821.0,938821.0,938821.0,938821.0,-4.0,-0.0
Colombia,CO,COL,1000 HA,110950.0,110950.0,110950.0,110950.0,110950.0,110950.0,110950.0,110950.0,110950.0,110950.0,110950.0,110950.0,110950.0,110950.0,110950.0,110950.0,110950.0,110950.0,110950.0,110950.0,110950.0,110950.0,110950.0,110950.0,110950.0,110950.0,110950.0,110950.0,110950.0,110950.0,110950.0,0.0,0.0
"Comoros, Union of the",KM,COM,1000 HA,186.1,186.1,186.1,186.1,186.1,186.1,186.1,186.1,186.1,186.1,186.1,186.1,186.1,186.1,186.1,186.1,186.1,186.1,186.1,186.1,186.1,186.1,186.1,186.1,186.1,186.1,186.1,186.1,186.1,186.1,186.1,0.0,0.0
"Congo, Dem. Rep. of the",CD,COD,1000 HA,226705.0,226705.0,226705.0,226705.0,226705.0,226705.0,226705.0,226705.0,226705.0,226705.0,226705.0,226705.0,226705.0,226705.0,226705.0,226705.0,226705.0,226705.0,226705.0,226705.0,226705.0,226705.0,226705.0,226705.0,226705.0,226705.0,226705.0,226705.0,226705.0,226705.0,226705.0,0.0,0.0
"Congo, Rep. of",CG,COG,1000 HA,34150.0,34150.0,34150.0,34150.0,34150.0,34150.0,34150.0,34150.0,34150.0,34150.0,34150.0,34150.0,34150.0,34150.0,34150.0,34150.0,34150.0,34150.0,34150.0,34150.0,34150.0,34150.0,34150.0,34150.0,34150.0,34150.0,34150.0,34150.0,34150.0,34150.0,34150.0,0.0,0.0
Cook Islands,CK,COK,1000 HA,24.0,24.0,24.0,24.0,24.0,24.0,24.0,24.0,24.0,24.0,24.0,24.0,24.0,24.0,24.0,24.0,24.0,24.0,24.0,24.0,24.0,24.0,24.0,24.0,24.0,24.0,24.0,24.0,24.0,24.0,24.0,0.0,0.0
Costa Rica,CR,CRI,1000 HA,5106.0,5106.0,5106.0,5106.0,5106.0,5106.0,5106.0,5106.0,5106.0,5106.0,5106.0,5106.0,5106.0,5106.0,5106.0,5106.0,5106.0,5106.0,5106.0,5106.0,5106.0,5106.0,5106.0,5106.0,5106.0,5106.0,5106.0,5106.0,5106.0,5106.0,5106.0,0.0,0.0
"Croatia, Rep. of",HR,HRV,1000 HA,5591.0,5591.0,5591.0,5591.0,5598.0,5598.0,5591.0,5591.0,5591.2,5591.2,5591.2,5596.4,5596.4,5596.4,5596.4,5596.4,5596.4,5596.4,5596.4,5596.4,5596.4,5596.4,5596.4,5596.4,5596.4,5596.4,5596.4,5596.4,5596.0,5596.0,5596.0,5.0,0.09
Cuba,CU,CUB,1000 HA,10740.0,10740.0,10740.0,10740.0,10740.0,10740.0,10740.0,10740.0,10740.0,10740.0,10639.0,10640.0,10641.0,10644.0,10643.0,10644.0,10644.0,10644.0,10644.0,10686.3,10664.9,10422.0,10402.0,10410.0,10404.0,10380.0,10380.0,10380.0,10380.0,10380.0,10380.0,-360.0,-3.35
Cyprus,CY,CYP,1000 HA,924.0,924.0,924.0,924.0,924.0,924.0,924.0,924.0,924.0,924.0,924.0,924.0,924.0,924.0,924.0,924.0,924.0,924.0,924.0,924.0,924.0,924.0,924.0,924.0,924.0,924.0,924.0,924.0,924.0,924.0,924.0,0.0,0.0
Czech Rep.,CZ,CZE,1000 HA,,7727.0,7727.0,7727.0,7727.0,7727.0,7727.0,7727.0,7727.0,7727.0,7727.0,7727.0,7726.0,7726.0,7725.0,7725.0,7724.0,7724.0,7723.0,7723.0,7723.0,7722.0,7722.0,7721.0,7721.0,7721.0,7721.0,7720.55,7719.853,7718.683,7717.173,,
Côte d'Ivoire,CI,CIV,1000 HA,31800.0,31800.0,31800.0,31800.0,31800.0,31800.0,31800.0,31800.0,31800.0,31800.0,31800.0,31800.0,31800.0,31800.0,31800.0,31800.0,31800.0,31800.0,31800.0,31800.0,31800.0,31800.0,31800.0,31800.0,31800.0,31800.0,31800.0,31800.0,31800.0,31800.0,31800.0,0.0,0.0
Denmark,DK,DNK,1000 HA,4000.0,4000.0,4000.0,4000.0,4000.0,4000.0,4000.0,4000.0,4000.0,4000.0,4000.0,4000.0,4000.0,4000.0,4000.0,4000.0,4000.0,4000.0,4000.0,4000.0,4000.0,4000.0,4000.0,4000.0,4000.0,4000.0,4000.0,4000.0,4000.0,4000.0,4000.0,0.0,0.0
Djibouti,DJ,DJI,1000 HA,2318.0,2318.0,2318.0,2318.0,2318.0,2318.0,2318.0,2318.0,2318.0,2318.0,2318.0,2318.0,2318.0,2318.0,2318.0,2318.0,2318.0,2318.0,2318.0,2318.0,2318.0,2318.0,2318.0,2318.0,2318.0,2318.0,2318.0,2318.0,2318.0,2318.0,2318.0,0.0,0.0
Dominica,DM,DMA,1000 HA,75.0,75.0,75.0,75.0,75.0,75.0,75.0,75.0,75.0,75.0,75.0,75.0,75.0,75.0,75.0,75.0,75.0,75.0,75.0,75.0,75.0,75.0,75.0,75.0,75.0,75.0,75.0,75.0,75.0,75.0,75.0,0.0,0.0
Dominican Rep.,DO,DOM,1000 HA,4831.0,4831.0,4831.0,4831.0,4831.0,4831.0,4831.0,4831.0,4831.0,4831.0,4831.0,4831.0,4831.0,4831.0,4831.0,4831.0,4831.0,4831.0,4831.0,4831.0,4831.0,4831.0,4831.0,4831.0,4831.0,4831.0,4831.0,4819.802,4819.802,4819.802,4819.802,-11.19800000000032,-0.23
Ecuador,EC,ECU,1000 HA,27684.0,27684.0,27684.0,27684.0,27684.0,27684.0,24836.0,24836.0,24836.0,24836.0,24836.0,24836.0,24836.0,24836.0,24836.0,24836.0,24836.0,24836.0,24836.0,24836.0,24836.0,24836.0,24836.0,24836.0,24836.0,24836.0,24836.0,24836.0,24836.0,24836.0,24836.0,-2848.0,-10.29
"Egypt, Arab Rep. of",EG,EGY,1000 HA,99545.0,99545.0,99545.0,99545.0,99545.0,99545.0,99545.0,99545.0,99545.0,99545.0,99545.0,99545.0,99545.0,99545.0,99545.0,99545.0,99545.0,99545.0,99545.0,99545.0,99545.0,99545.0,99545.0,99545.0,99545.0,99545.0,99545.0,99545.0,99545.0,99545.0,99545.0,0.0,0.0
El Salvador,SV,SLV,1000 HA,2072.0,2072.0,2072.0,2072.0,2072.0,2072.0,2072.0,2072.0,2072.0,2072.0,2072.0,2072.0,2072.0,2072.0,2072.0,2072.0,2072.0,2072.0,2072.0,2072.0,2072.0,2072.0,2072.0,2072.0,2072.0,2072.0,2072.0,2072.0,2072.0,2072.0,2072.0,0.0,0.0
"Equatorial Guinea, Rep. of",GQ,GNQ,1000 HA,2805.0,2805.0,2805.0,2805.0,2805.0,2805.0,2805.0,2805.0,2805.0,2805.0,2805.0,2805.0,2805.0,2805.0,2805.0,2805.0,2805.0,2805.0,2805.0,2805.0,2805.0,2805.0,2805.0,2805.0,2805.0,2805.0,2805.0,2805.0,2805.0,2805.0,2805.0,0.0,0.0
"Eritrea, The State of",ER,ERI,1000 HA,,10100.0,10100.0,10100.0,10100.0,10100.0,10100.0,10100.0,10100.0,10100.0,10100.0,10100.0,12098.2625,12102.5326,12100.4031,12103.2606,12105.7494,12106.9592,12106.5103,12108.8989,12108.212,12104.9278,12103.6185,12108.8775,12107.7459,12107.1233,12107.7714,12108.0546,12104.0829,12104.0829,12104.0829,,
"Estonia, Rep. of",EE,EST,1000 HA,4239.0,4239.0,4239.0,4239.0,4239.0,4239.0,4239.0,4239.0,4239.0,4239.0,4239.0,4239.0,4239.0,4239.0,4239.0,4239.0,4239.0,4239.0,4239.0,4239.0,4239.0,4347.0,4347.0,4347.0,4347.0,4275.0,4275.0,4275.0,4275.0,4275.0,4273.0,34.0,0.8
Eswatini,SZ,SWZ,1000 HA,1720.0,1720.0,1720.0,1720.0,1720.0,1720.0,1720.0,1720.0,1720.0,1720.0,1720.0,1720.0,1720.0,1720.0,1720.0,1720.0,1720.0,1720.0,1720.0,1720.0,1720.0,1720.0,1720.0,1720.0,1720.0,1720.0,1720.0,1720.0,1720.0,1720.0,1720.0,0.0,0.0
"Ethiopia, The Federal Dem. Rep. of",ET,ETH,1000 HA,,100000.0,100000.0,100000.0,100000.0,100000.0,100000.0,100000.0,100000.0,100000.0,100000.0,100000.0,112859.73,112859.98,112861.32,112863.12,112856.83,112858.86,112857.1,112857.51,112858.21,112857.21,112853.83,112853.94,112855.85,112855.28,112856.14,112857.09,112857.14,112857.14,112857.14,,
Faroe Islands,FO,FRO,1000 HA,139.6,139.6,139.6,139.6,139.6,139.6,139.6,139.6,139.6,139.6,139.6,139.6,139.6,139.6,139.6,139.6,139.6,139.6,139.6,139.6,139.6,139.6,139.6,139.6,139.6,139.6,139.6,139.6,136.6,137.0,137.0,-2.5999999999999943,-1.86
"Fiji, Rep. of",FJ,FJI,1000 HA,1827.0,1827.0,1827.0,1827.0,1827.0,1827.0,1827.0,1827.0,1827.0,1827.0,1827.0,1827.0,1827.0,1827.0,1827.0,1827.0,1827.0,1827.0,1827.0,1827.0,1827.0,1827.0,1827.0,1827.0,1827.0,1827.0,1827.0,1827.0,1827.0,1827.0,1827.0,0.0,0.0
Finland,FI,FIN,1000 HA,30459.0,30459.0,30459.0,30459.0,30459.0,30459.0,30459.0,30459.0,30459.0,30459.0,30459.0,30459.0,30459.0,30459.0,30411.0,30409.0,30390.0,30390.0,30390.0,30389.0,30389.0,30389.0,30389.0,30391.0,30391.0,30392.0,30392.0,30393.0,30394.0,30394.77,30394.77,-64.22999999999956,-0.21
France,FR,FRA,1000 HA,54756.6,54756.6,54756.6,54756.6,54756.6,54756.6,54756.6,54756.6,54756.7,54756.7,54756.7,54786.7,54756.7,54755.7,54755.7,54755.7,54755.7,54755.7,54755.7,54755.7,54755.7,54755.7,54755.7,54755.7,54755.7,54755.7,54755.7,54755.7,54755.7,54755.7,54755.7,-0.9000000000014552,-0.0
French Polynesia,PF,PYF,1000 HA,366.0,366.0,366.0,366.0,366.0,366.0,366.0,366.0,347.1,347.1,347.1,347.1,347.1,347.1,347.1,347.1,347.1,347.1,347.1,347.1,347.1,347.1,347.1,347.1,347.1,347.1,347.1,347.1,347.1,347.1,347.1,-18.899999999999977,-5.16
Gabon,GA,GAB,1000 HA,25767.0,25767.0,25767.0,25767.0,25767.0,25767.0,25767.0,25767.0,25767.0,25767.0,25767.0,25767.0,25767.0,25767.0,25767.0,25767.0,25767.0,25767.0,25767.0,25767.0,25767.0,25767.0,25767.0,25767.0,25767.0,25767.0,25767.0,25767.0,25767.0,25767.0,25767.0,0.0,0.0
"Gambia, The",GM,GMB,1000 HA,1012.0,1012.0,1012.0,1012.0,1012.0,1012.0,1012.0,1012.0,1012.0,1012.0,1012.0,1012.0,1012.0,1012.0,1012.0,1012.0,1012.0,1012.0,1012.0,1012.0,1012.0,1012.0,1012.0,1012.0,1012.0,1012.0,1012.0,1012.0,1012.0,1012.0,1012.0,0.0,0.0
Georgia,GE,GEO,1000 HA,6949.0,6949.0,6949.0,6949.0,6949.0,6949.0,6949.0,6949.0,6949.0,6949.0,6949.0,6949.0,6949.0,6949.0,6949.0,6949.0,6949.0,6949.0,6949.0,6949.0,6949.0,6949.0,6949.0,6949.0,6949.0,6949.0,6949.0,6949.0,6949.0,6949.0,6949.0,0.0,0.0
Germany,DE,DEU,1000 HA,34913.0,34912.0,34911.0,34910.0,34909.0,34905.0,34902.0,34898.0,34895.0,34890.0,34886.0,34881.0,34877.0,34876.0,34872.0,34867.0,34863.0,34861.0,34857.0,34856.0,34854.0,34888.0,34890.0,34886.0,34936.0,34937.0,34938.0,34939.0,34939.0,34939.0,34936.0,23.0,0.07
Ghana,GH,GHA,1000 HA,22754.0,22754.0,22754.0,22754.0,22754.0,22754.0,22754.0,22754.0,22754.0,22754.0,22754.0,22754.0,22754.0,22754.0,22754.0,22754.0,22754.0,22754.0,22754.0,22754.0,22754.0,22754.0,22754.0,22754.0,22754.0,22754.0,22754.0,22753.3,22753.0,22753.3,22753.3,-0.7000000000007276,-0.0
Greece,GR,GRC,1000 HA,12890.0,12890.0,12890.0,12890.0,12890.0,12890.0,12890.0,12890.0,12890.0,12890.0,12890.0,12890.0,12890.0,12890.0,12890.0,12890.0,12890.0,12890.0,12890.0,12890.0,12890.0,12890.0,12890.0,12890.0,12890.0,12890.0,12890.0,12890.0,12890.0,12890.0,12890.0,0.0,0.0
Greenland,GL,GRL,1000 HA,34170.0,34170.0,34170.0,34170.0,34170.0,41045.0,41045.0,41045.0,41045.0,41045.0,41045.0,41045.0,41045.0,41045.0,41045.0,41045.0,41045.0,41045.0,41045.0,41045.0,41045.0,41045.0,41045.0,41045.0,41045.0,41045.0,41045.0,41045.0,41045.0,41045.0,41045.0,6875.0,20.12
Grenada,GD,GRD,1000 HA,34.0,34.0,34.0,34.0,34.0,34.0,34.0,34.0,34.0,34.0,34.0,34.0,34.0,34.0,34.0,34.0,34.0,34.0,34.0,34.0,34.0,34.0,34.0,34.0,34.0,34.0,34.0,34.0,34.0,34.0,34.0,0.0,0.0
Guadeloupe,GP,GLP,1000 HA,169.0,169.0,169.0,169.0,169.0,169.0,169.0,169.0,169.0,169.0,169.0,169.0,169.0,169.0,169.0,169.0,169.0,169.0,169.0,162.0,162.0,162.0,162.0,162.0,162.0,162.0,162.0,162.0,162.0,162.0,162.0,-7.0,-4.14
Guam,GU,GUM,1000 HA,54.0,54.0,54.0,54.0,54.0,54.0,54.0,54.0,54.0,54.0,54.0,54.0,54.0,54.0,54.0,54.0,54.0,54.0,54.0,54.0,54.0,54.0,54.0,54.0,54.0,54.0,54.0,54.0,54.0,54.0,54.0,0.0,0.0
Guatemala,GT,GTM,1000 HA,10716.0,10716.0,10716.0,10716.0,10716.0,10716.0,10716.0,10716.0,10716.0,10716.0,10716.0,10716.0,10716.0,10716.0,10716.0,10716.0,10716.0,10716.0,10716.0,10716.0,10716.0,10716.0,10716.0,10716.0,10716.0,10716.0,10716.0,10716.0,10716.0,10716.0,10716.0,0.0,0.0
"Guiana, French",GF,GUF,1000 HA,8302.0,8301.0,8272.0,8271.0,8271.0,8271.0,8271.0,8271.0,8271.0,8271.0,8272.0,8273.0,8274.0,8274.0,8274.0,8275.0,8277.0,8277.0,8277.0,8277.0,8279.0,8279.0,8279.0,8281.0,8281.0,8281.0,8281.0,8281.0,8281.0,8281.0,8281.0,-21.0,-0.25
Guinea,GN,GIN,1000 HA,24572.0,24572.0,24572.0,24572.0,24572.0,24572.0,24572.0,24572.0,24572.0,24572.0,24572.0,24572.0,24572.0,24572.0,24572.0,24572.0,24572.0,24572.0,24572.0,24572.0,24572.0,24572.0,24572.0,24572.0,24572.0,24572.0,24572.0,24572.0,24572.0,24572.0,24572.0,0.0,0.0
Guinea-Bissau,GW,GNB,1000 HA,2812.0,2812.0,2812.0,2812.0,2812.0,2812.0,2812.0,2812.0,2812.0,2812.0,2812.0,2812.0,2812.0,2812.0,2812.0,2812.0,2812.0,2812.0,2812.0,2812.0,2812.0,2812.0,2812.0,2812.0,2812.0,2812.0,2812.0,2812.0,2812.0,2812.0,2812.0,0.0,0.0
Guyana,GY,GUY,1000 HA,19685.0,19685.0,19685.0,19685.0,19685.0,19685.0,19685.0,19685.0,19685.0,19685.0,19685.0,19685.0,19685.0,19685.0,19685.0,19685.0,19685.0,19685.0,19685.0,19685.0,19685.0,19685.0,19685.0,19685.0,19685.0,19685.0,19685.0,19685.0,19685.0,19685.0,19685.0,0.0,0.0
Haiti,HT,HTI,1000 HA,2756.0,2756.0,2756.0,2756.0,2756.0,2756.0,2756.0,2756.0,2756.0,2756.0,2756.0,2756.0,2756.0,2756.0,2756.0,2756.0,2756.0,2756.0,2756.0,2756.0,2756.0,2756.0,2756.0,2756.0,2756.0,2756.0,2756.0,2756.0,2756.0,2756.0,2756.0,0.0,0.0
Honduras,HN,HND,1000 HA,11189.0,11189.0,11189.0,11189.0,11189.0,11189.0,11189.0,11189.0,11189.0,11189.0,11189.0,11189.0,11189.0,11189.0,11189.0,11189.0,11189.0,11189.0,11189.0,11189.0,11189.0,11189.0,11189.0,11189.0,11189.0,11189.0,11189.0,11189.0,11189.0,11189.0,11189.0,0.0,0.0
Hungary,HU,HUN,1000 HA,8987.0,8986.0,8986.0,8986.0,8986.0,8980.0,8980.0,8980.0,8962.0,8962.0,8962.0,8962.0,8962.0,8961.0,8961.0,8961.0,8961.0,9053.0,9053.0,9053.0,9053.0,9053.0,9126.0,9126.0,9126.0,9126.0,9126.0,9126.0,9126.0,9126.0,9126.0,139.0,1.55
Iceland,IS,ISL,1000 HA,10025.0,10025.0,10025.0,10025.0,10025.0,10025.0,10025.0,10025.0,10025.0,10025.0,10025.0,10025.0,10025.0,10025.0,10025.0,10025.0,10025.0,10025.0,10025.0,10025.0,10025.0,10025.0,10025.0,10025.0,10025.0,10025.0,10083.0,10083.0,10083.0,10083.0,10083.0,58.0,0.58
India,IN,IND,1000 HA,297319.0,297319.0,297319.0,297319.0,297319.0,297319.0,297319.0,297319.0,297319.0,297319.0,297319.0,297319.0,297319.0,297319.0,297319.0,297319.0,297319.0,297319.0,297319.0,297319.0,297319.0,297319.0,297319.0,297319.0,297319.0,297319.0,297319.0,297319.0,297319.0,297319.0,297319.0,0.0,0.0
Indonesia,ID,IDN,1000 HA,181157.0,181157.0,181157.0,181157.0,181157.0,181157.0,181157.0,181157.0,187751.9,187751.9,187751.9,187751.9,187751.9,187751.9,187751.9,187751.9,187751.9,187751.9,187751.9,187751.9,187751.9,187751.9,187751.9,187751.9,187751.9,187751.9,187751.9,187751.9,187751.9,189255.547,189255.547,8098.546999999991,4.47
Iran,IR,IRN,1000 HA,162876.0,162876.0,162876.0,162876.0,162876.0,162876.0,162876.0,162876.0,162876.0,162876.0,162876.0,162876.0,162876.0,162876.0,162876.0,162876.0,162876.0,162876.0,162876.0,162876.0,162876.0,162876.0,162876.0,162876.0,162876.0,162250.0,162250.0,162250.0,162250.0,162250.0,162250.0,-626.0,-0.38
Iraq,IQ,IRQ,1000 HA,43737.0,43737.0,43737.0,43737.0,43737.0,43737.0,43737.0,43737.0,43737.0,43737.0,43737.0,43737.0,43737.0,43737.0,43737.0,43737.0,43737.0,43432.0,43432.0,43432.0,43432.0,43412.8,43412.8,43412.8,43412.8,43412.8,43412.8,43412.8,43412.8,43412.8,43412.8,-324.1999999999971,-0.74
Ireland,IE,IRL,1000 HA,6889.0,6889.0,6889.0,6889.0,6889.0,6889.0,6889.0,6889.0,6889.0,6889.0,6889.0,6889.0,6889.0,6889.0,6889.0,6889.0,6889.0,6889.0,6889.0,6889.0,6889.0,6889.0,6889.0,6889.0,6889.0,6889.0,6889.0,6889.0,6889.0,6889.0,6889.0,0.0,0.0
Isle of Man,IM,IMN,1000 HA,57.0,57.0,57.0,57.0,57.0,57.0,57.0,57.0,57.0,57.0,57.0,57.0,57.0,57.0,57.0,57.0,57.0,57.0,57.0,57.0,57.0,57.0,57.0,57.0,57.0,57.0,57.0,57.0,57.0,57.0,57.0,0.0,0.0
Israel,IL,ISR,1000 HA,2164.0,2164.0,2164.0,2164.0,2164.0,2164.0,2164.0,2164.0,2164.0,2164.0,2164.0,2164.0,2164.0,2164.0,2164.0,2164.0,2164.0,2164.0,2164.0,2164.0,2164.0,2164.0,2164.0,2164.0,2164.0,2164.0,2164.0,2164.0,2164.0,2164.0,2164.0,0.0,0.0
Italy,IT,ITA,1000 HA,29411.0,29411.0,29411.0,29411.0,29411.0,29411.0,29411.0,29411.0,29571.8,29571.8,29571.8,29571.8,29571.8,29571.8,29571.8,29571.8,29571.8,29571.8,29571.8,29571.8,29571.8,29571.8,29571.8,29571.8,29571.8,29571.8,29571.8,29571.7,29571.7,29571.7,29572.0,161.0,0.55
Jamaica,JM,JAM,1000 HA,1083.0,1083.0,1083.0,1083.0,1083.0,1083.0,1083.0,1083.0,1083.0,1083.0,1083.0,1083.0,1083.0,1083.0,1083.0,1083.0,1083.0,1083.0,1083.0,1083.0,1083.0,1083.0,1083.0,1083.0,1083.0,1083.0,1083.0,1083.0,1083.0,1083.0,1083.0,0.0,0.0
Japan,JP,JPN,1000 HA,36460.0,36460.0,36460.0,36460.0,36450.0,36450.0,36450.0,36450.0,36450.0,36450.0,36450.0,36450.0,36450.0,36450.0,36450.0,36450.0,36450.0,36450.0,36450.0,36450.0,36450.0,36450.0,36450.0,36450.0,36450.0,36450.0,36450.0,36450.0,36450.0,36450.0,36450.0,-10.0,-0.03
Jordan,JO,JOR,1000 HA,8824.0,8824.0,8824.0,8824.0,8824.0,8824.0,8824.0,8824.0,8824.0,8824.0,8824.0,8824.0,8824.0,8824.0,8824.0,8824.0,8824.0,8878.0,8878.0,8878.0,8878.0,8878.0,8878.0,8878.0,8878.0,8878.0,8878.0,8879.4,8879.4,8879.4,8879.4,55.399999999999636,0.63
"Kazakhstan, Rep. of",KZ,KAZ,1000 HA,269970.0,269970.0,269970.0,269970.0,269970.0,269970.0,269970.0,269970.0,269970.0,269970.0,269970.0,269970.0,269970.0,269970.0,269970.0,269970.0,269970.0,269970.0,269970.0,269970.0,269970.0,269970.0,269970.0,269970.0,269970.0,269970.0,269970.0,269970.0,269970.0,269970.0,269970.0,0.0,0.0
Kenya,KE,KEN,1000 HA,56914.0,56914.0,56914.0,56914.0,56914.0,56914.0,56914.0,56914.0,56914.0,56914.0,56914.0,56914.0,56914.0,56914.0,56914.0,56914.0,56914.0,56914.0,56914.0,56914.0,56914.0,56914.0,56914.0,56914.0,56914.0,56914.0,56914.0,56914.0,56914.0,56914.0,56914.0,0.0,0.0
Kiribati,KI,KIR,1000 HA,81.0,81.0,81.0,81.0,81.0,81.0,81.0,81.0,81.0,81.0,81.0,81.0,81.0,81.0,81.0,81.0,81.0,81.0,81.0,81.0,81.0,81.0,81.0,81.0,81.0,81.0,81.0,81.0,81.0,81.0,81.0,0.0,0.0
"Korea, Dem. People's Rep. of",KP,PRK,1000 HA,12041.0,12041.0,12041.0,12041.0,12041.0,12041.0,12041.0,12041.0,12041.0,12041.0,12041.0,12041.0,12041.0,12041.0,12041.0,12041.0,12041.0,12041.0,12041.0,12041.0,12041.0,12041.0,12041.0,12041.0,12041.0,12041.0,12041.0,12041.0,12041.0,12041.0,12041.0,0.0,0.0
"Korea, Rep. of",KR,KOR,1000 HA,9646.0,9646.0,9646.0,9646.0,9646.0,9646.0,9646.0,9646.0,9646.0,9674.0,9679.0,9680.0,9682.0,9685.0,9688.0,9692.0,9699.0,9706.0,9720.0,9719.0,9731.0,9742.6,9743.0,9744.5,9748.9,9751.0,9752.0,9760.0,9760.0,9760.0,9760.0,114.0,1.18
Kuwait,KW,KWT,1000 HA,1782.0,1782.0,1782.0,1782.0,1782.0,1782.0,1782.0,1782.0,1782.0,1782.0,1782.0,1782.0,1782.0,1782.0,1782.0,1782.0,1782.0,1782.0,1782.0,1782.0,1782.0,1782.0,1782.0,1782.0,1782.0,1782.0,1782.0,1782.0,1782.0,1782.0,1782.0,0.0,0.0
Kyrgyz Rep.,KG,KGZ,1000 HA,19180.0,19180.0,19180.0,19180.0,19180.0,19180.0,19180.0,19180.0,19180.0,19180.0,19180.0,19180.0,19180.0,19180.0,19180.0,19180.0,19180.0,19180.0,19180.0,19180.0,19180.0,19180.0,19180.0,19180.0,19180.0,19180.0,19180.0,19180.0,19180.0,19180.0,19180.0,0.0,0.0
Lao People's Dem. Rep.,LA,LAO,1000 HA,23080.0,23080.0,23080.0,23080.0,23080.0,23080.0,23080.0,23080.0,23080.0,23080.0,23080.0,23080.0,23080.0,23080.0,23080.0,23080.0,23080.0,23080.0,23080.0,23080.0,23080.0,23080.0,23080.0,23080.0,23080.0,23080.0,23080.0,23080.0,23080.0,23080.0,23080.0,0.0,0.0
Latvia,LV,LVA,1000 HA,6222.7,6222.7,6222.7,6222.7,6222.7,6222.7,6222.7,6222.7,6222.7,6222.7,6222.7,6222.7,6222.7,6222.7,6222.7,6222.7,6222.7,6222.7,6222.7,6222.7,6222.7,6222.7,6222.7,6222.7,6222.7,6222.7,6222.7,6222.7,6223.0,6223.0,6223.0,0.3000000000001819,0.0
Lebanon,LB,LBN,1000 HA,1023.0,1023.0,1023.0,1023.0,1023.0,1023.0,1023.0,1023.0,1023.0,1023.0,1023.0,1023.0,1023.0,1023.0,1023.0,1023.0,1023.0,1023.0,1023.0,1023.0,1023.0,1023.0,1023.0,1023.0,1023.0,1023.0,1023.0,1023.0,1023.0,1023.0,1023.0,0.0,0.0
Lesotho,LS,LSO,1000 HA,3036.0,3036.0,3036.0,3036.0,3036.0,3036.0,3036.0,3036.0,3036.0,3036.0,3036.0,3036.0,3036.0,3036.0,3036.0,3036.0,3036.0,3036.0,3036.0,3036.0,3036.0,3036.0,3036.0,3036.0,3036.0,3036.0,3036.0,3036.0,3036.0,3036.0,3036.0,0.0,0.0
Liberia,LR,LBR,1000 HA,9632.0,9632.0,9632.0,9632.0,9632.0,9632.0,9632.0,9632.0,9632.0,9632.0,9632.0,9632.0,9632.0,9632.0,9632.0,9632.0,9632.0,9632.0,9632.0,9632.0,9632.0,9632.0,9632.0,9632.0,9632.0,9632.0,9632.0,9632.0,9632.0,9632.0,9632.0,0.0,0.0
Libya,LY,LBY,1000 HA,175954.0,175954.0,175954.0,175954.0,175954.0,175954.0,175954.0,175954.0,175954.0,175954.0,175954.0,175954.0,175954.0,175954.0,175954.0,175954.0,175954.0,175954.0,175954.0,175954.0,175954.0,175954.0,175954.0,175954.0,175954.0,175954.0,175954.0,175954.0,175954.0,175954.0,175954.0,0.0,0.0
Liechtenstein,LI,LIE,1000 HA,16.0,16.0,16.0,16.0,16.0,16.0,16.0,16.0,16.0,16.0,16.0,16.0,16.0,16.0,16.0,16.0,16.0,16.0,16.0,16.0,16.0,16.0,16.0,16.0,16.0,16.0,16.0,16.0,16.0,16.0,16.0,0.0,0.0
Lithuania,LT,LTU,1000 HA,6268.0,6268.0,6268.0,6268.0,6268.0,6268.0,6268.0,6268.0,6268.0,6268.0,6268.0,6268.0,6268.0,6268.0,6268.0,6268.0,6267.5,6267.5,6267.5,6267.4,6267.4,6267.5,6265.0,6265.0,6264.2,6264.1,6263.0,6262.0,6262.0,6261.0,6260.4,-7.600000000000364,-0.12
Luxembourg,LU,LUX,1000 HA,,,,,,,,,257.446,257.446,257.446,257.446,257.446,257.446,257.446,257.446,257.446,257.446,257.446,257.446,257.446,257.446,257.446,257.446,257.446,257.446,257.446,257.446,257.446,257.446,257.446,,
"Madagascar, Rep. of",MG,MDG,1000 HA,58154.0,58154.0,58154.0,58154.0,58154.0,58154.0,58154.0,58154.0,58154.0,58154.0,58154.0,58154.0,58154.0,58154.0,58154.0,58154.0,58154.0,58154.0,58154.0,58179.5,58179.5,58180.0,58180.0,58180.0,58180.0,58180.0,58180.0,58180.0,58180.0,58180.0,58180.0,26.0,0.04
Malawi,MW,MWI,1000 HA,9428.0,9428.0,9428.0,9428.0,9428.0,9428.0,9428.0,9428.0,9428.0,9428.0,9428.0,9428.0,9428.0,9428.0,9428.0,9428.0,9428.0,9428.0,9428.0,9428.0,9428.0,9428.0,9428.0,9428.0,9428.0,9428.0,9428.0,9428.0,9428.0,9428.0,9428.0,0.0,0.0
Malaysia,MY,MYS,1000 HA,32855.0,32855.0,32855.0,32855.0,32855.0,32855.0,32855.0,32855.0,32855.0,32855.0,32855.0,32855.0,32855.0,32855.0,32855.0,32855.0,32855.0,32855.0,32855.0,32855.0,32855.0,32855.0,32855.0,32855.0,32855.0,32855.0,32855.0,32855.0,32855.0,32855.0,32855.0,0.0,0.0
Maldives,MV,MDV,1000 HA,30.0,30.0,30.0,30.0,30.0,30.0,30.0,30.0,30.0,30.0,30.0,30.0,30.0,30.0,30.0,30.0,30.0,30.0,30.0,30.0,30.0,30.0,30.0,30.0,30.0,30.0,30.0,30.0,30.0,30.0,30.0,0.0,0.0
Mali,ML,MLI,1000 HA,122019.0,122019.0,122019.0,122019.0,122019.0,122019.0,122019.0,122019.0,122019.0,122019.0,122019.0,122019.0,122019.0,122019.0,122019.0,122019.0,122019.0,122019.0,122019.0,122019.0,122019.0,122019.0,122019.0,122019.0,122019.0,122019.0,122019.0,122019.0,122019.0,122019.0,122019.0,0.0,0.0
Malta,MT,MLT,1000 HA,32.0,32.0,32.0,32.0,32.0,32.0,32.0,32.0,32.0,32.0,32.0,32.0,32.0,32.0,32.0,32.0,32.0,32.0,32.0,32.0,32.0,32.0,32.0,32.0,32.0,32.0,32.0,32.0,32.0,32.0,32.0,0.0,0.0
"Marshall Islands, Rep. of the",MH,MHL,1000 HA,18.0,18.0,18.0,18.0,18.0,18.0,18.0,18.0,18.0,18.0,18.0,18.0,18.0,18.0,18.0,18.0,18.0,18.0,18.0,18.0,18.0,18.0,18.0,18.0,18.0,18.0,18.0,18.0,18.0,18.0,18.0,0.0,0.0
Martinique,MQ,MTQ,1000 HA,106.0,106.0,106.0,106.0,106.0,106.0,106.0,106.0,106.0,106.0,106.0,106.0,106.0,106.0,106.0,106.0,106.0,106.0,106.0,106.0,106.0,106.0,106.0,106.0,106.0,106.0,106.0,106.0,106.0,106.0,106.0,0.0,0.0
Mauritania,MR,MRT,1000 HA,103070.0,103070.0,103070.0,103070.0,103070.0,103070.0,103070.0,103070.0,103070.0,103070.0,103070.0,103070.0,103070.0,103070.0,103070.0,103070.0,103070.0,103070.0,103070.0,103070.0,103070.0,103070.0,103070.0,103070.0,103070.0,103070.0,103070.0,103070.0,103070.0,103070.0,103070.0,0.0,0.0
Mauritius,MU,MUS,1000 HA,203.0,203.0,203.0,203.0,203.0,203.0,203.0,203.0,203.0,203.0,203.0,203.0,203.0,203.0,203.0,203.0,203.0,203.0,203.0,199.7,199.7,199.7,199.7,199.7,199.7,199.7,199.7,199.7,199.7,199.7,199.7,-3.3000000000000114,-1.63
Mayotte,YT,MYT,1000 HA,37.4,37.4,37.4,37.4,37.4,37.4,37.4,37.4,37.4,37.4,37.4,37.4,37.4,37.4,37.4,37.4,37.4,37.4,37.4,37.4,37.4,37.4,37.4,37.4,37.4,37.4,37.4,37.4,36.626,36.626,36.626,-0.7740000000000009,-2.07
Mexico,MX,MEX,1000 HA,194395.0,194395.0,194395.0,194395.0,194395.0,194395.0,194395.0,194395.0,194395.0,194395.0,194395.0,194395.0,194395.0,194395.0,194395.0,194395.0,194395.0,194395.0,194395.0,194395.0,194395.0,194395.0,194395.0,194395.0,194395.0,194395.0,194395.0,194395.0,194395.0,194395.0,194395.0,0.0,0.0
"Micronesia, Federated States of",FM,FSM,1000 HA,70.0,70.0,70.0,70.0,70.0,70.0,70.0,70.0,70.0,70.0,70.0,70.0,70.0,70.0,70.0,70.0,70.0,70.0,70.0,70.0,70.0,70.0,70.0,70.0,70.0,70.0,70.0,70.0,70.0,70.0,70.0,0.0,0.0
"Moldova, Rep. of",MD,MDA,1000 HA,3287.0,3295.0,3294.0,3293.0,3293.0,3292.0,3291.0,3290.0,3288.0,3288.0,3288.0,3287.0,3288.0,3289.0,3289.0,3289.0,3289.0,3289.0,3285.0,3285.0,3286.0,3288.0,3288.0,3288.0,3288.0,3289.0,3288.53,3288.59,3288.46,3297.0,3289.0,2.0,0.06
Mongolia,MN,MNG,1000 HA,154743.8742,154743.8742,154743.8742,154743.8742,154743.8742,154743.8742,154743.8742,154743.8742,154743.8742,154743.8742,154743.8968,155468.6058,155444.4019,155444.4091,155745.9093,155745.9093,155746.5087,155746.5134,155729.2418,155725.1947,155725.1947,155725.3053,155725.2921,155725.54,155725.54,155725.54,155725.5,155725.8,155750.6803,155750.7,155750.6789,1006.8047000000079,0.65
Montenegro,ME,MNE,1000 HA,,,,,,,,,,,,,,,1345.0,1345.0,1345.0,1345.0,1345.0,1345.0,1345.0,1345.0,1345.0,1345.0,1345.0,1345.0,1345.0,1345.0,1345.0,1345.0,1345.0,,
Montserrat,MS,MSR,1000 HA,10.0,10.0,10.0,10.0,10.0,10.0,10.0,10.0,10.0,10.0,10.0,10.0,10.0,10.0,10.0,10.0,10.0,10.0,10.0,10.0,10.0,10.0,10.0,10.0,10.0,10.0,10.0,10.0,10.0,10.0,10.0,0.0,0.0
Morocco,MA,MAR,1000 HA,44630.0,44630.0,44630.0,44630.0,44630.0,44630.0,44630.0,44630.0,44630.0,44630.0,44630.0,44630.0,44630.0,44630.0,44630.0,44630.0,44630.0,44630.0,44630.0,44630.0,44630.0,44630.0,44630.0,44630.0,44630.0,44630.0,44630.0,44630.0,44630.0,44630.0,44630.0,0.0,0.0
"Mozambique, Rep. of",MZ,MOZ,1000 HA,78638.0,78638.0,78638.0,78638.0,78638.0,78638.0,78638.0,78638.0,78638.0,78638.0,78638.0,78638.0,78638.0,78638.0,78638.0,78638.0,78638.0,78638.0,78638.0,78638.0,78638.0,78638.0,78638.0,78638.0,78638.0,78638.0,78638.0,78638.0,78638.0,78638.0,78638.0,0.0,0.0
Myanmar,MM,MMR,1000 HA,65354.0,65354.0,65354.0,65354.0,65354.0,65354.0,65354.0,65354.0,65354.0,65354.0,65354.0,65354.0,65342.0,65336.0,65347.0,65352.0,65331.0,65330.0,65326.0,65329.0,65315.0,65308.0,65308.0,65308.0,65278.0,65275.0,65270.0,65270.0,65267.0,65267.0,65267.0,-87.0,-0.13
Nepal,NP,NPL,1000 HA,14300.0,14300.0,14300.0,14300.0,14300.0,14300.0,14300.0,14300.0,14335.0,14335.0,14335.0,14335.0,14335.0,14335.0,14335.0,14335.0,14335.0,14335.0,14335.0,14335.0,14335.0,14335.0,14335.0,14335.0,14335.0,14335.0,14335.0,14335.0,14335.0,14335.0,14335.0,35.0,0.24
Netherlands Antilles,AN,ANT,1000 HA,80.0,80.0,80.0,80.0,80.0,80.0,80.0,80.0,80.0,80.0,80.0,80.0,80.0,80.0,80.0,80.0,80.0,80.0,80.0,,,,,,,,,,,,,,
"Netherlands, The",NL,NLD,1000 HA,3376.0,3376.0,3376.0,3376.0,3376.0,3376.0,3376.0,3376.0,3376.0,3376.0,3376.0,3376.0,3376.0,3376.0,3376.0,3376.0,3376.0,3373.0,3373.0,3372.0,3372.0,3369.0,3369.0,3367.0,3367.0,3367.0,3367.0,3367.0,3367.0,3367.0,3367.0,-9.0,-0.27
New Caledonia,NC,NCL,1000 HA,1828.0,1828.0,1828.0,1828.0,1828.0,1828.0,1828.0,1828.0,1828.0,1828.0,1828.0,1828.0,1828.0,1828.0,1828.0,1828.0,1828.0,1828.0,1828.0,1828.0,1828.0,1828.0,1828.0,1828.0,1828.0,1828.0,1828.0,1828.0,1828.0,1828.0,1828.0,0.0,0.0
New Zealand,NZ,NZL,1000 HA,26331.0,26331.0,26331.0,26331.0,26331.0,26331.0,26331.0,26331.0,26331.0,26331.0,26331.0,26331.0,26331.0,26331.0,26331.0,26331.0,26331.0,26331.0,26331.0,26331.0,26331.0,26331.0,26331.0,26331.0,26331.0,26331.0,26331.0,26331.0,26331.0,26331.0,26331.0,0.0,0.0
Nicaragua,NI,NIC,1000 HA,12034.0,12034.0,12034.0,12034.0,12034.0,12034.0,12034.0,12034.0,12034.0,12034.0,12034.0,12034.0,12034.0,12034.0,12034.0,12034.0,12034.0,12034.0,12034.0,12034.0,12034.0,12034.0,12034.0,12034.0,12034.0,12034.0,12034.0,12034.0,12034.0,12034.0,12034.0,0.0,0.0
Niger,NE,NER,1000 HA,126670.0,126670.0,126670.0,126670.0,126670.0,126670.0,126670.0,126670.0,126670.0,126670.0,126670.0,126670.0,126670.0,126670.0,126670.0,126670.0,126670.0,126670.0,126670.0,126670.0,126670.0,126670.0,126670.0,126670.0,126670.0,126670.0,126670.0,126670.0,126670.0,126670.0,126670.0,0.0,0.0
Nigeria,NG,NGA,1000 HA,91077.0,91077.0,91077.0,91077.0,91077.0,91077.0,91077.0,91077.0,91077.0,91077.0,91077.0,91077.0,91077.0,91077.0,91077.0,91077.0,91077.0,91077.0,91077.0,91077.0,91077.0,91077.0,91077.0,91077.0,91077.0,91077.0,91077.0,91077.0,91077.0,91077.0,91077.0,0.0,0.0
Niue,NU,NIU,1000 HA,26.0,26.0,26.0,26.0,26.0,26.0,26.0,26.0,26.0,26.0,26.0,26.0,26.0,26.0,26.0,26.0,26.0,26.0,26.0,26.0,26.0,26.0,26.0,26.0,26.0,26.0,26.0,26.0,26.0,26.0,26.0,0.0,0.0
Norfolk Island,NF,NFK,1000 HA,4.0,4.0,4.0,4.0,4.0,4.0,4.0,4.0,4.0,4.0,4.0,4.0,4.0,4.0,4.0,4.0,4.0,4.0,4.0,4.0,4.0,4.0,4.0,4.0,4.0,4.0,4.0,4.0,4.0,4.0,4.0,0.0,0.0
North Macedonia,MK,MKD,1000 HA,2543.0,2543.0,2543.0,2543.0,2543.0,2543.0,2543.0,2543.0,2543.0,2543.0,2543.0,2543.0,2543.0,2543.0,2543.0,2523.0,2523.0,2522.0,2522.0,2522.0,2522.0,2522.0,2522.0,2522.0,2522.0,2522.0,2522.0,2522.0,2522.0,2522.0,2522.0,-21.0,-0.83
Northern Mariana Islands,MP,MNP,1000 HA,46.0,46.0,46.0,46.0,46.0,46.0,46.0,46.0,46.0,46.0,46.0,46.0,46.0,46.0,46.0,46.0,46.0,46.0,46.0,46.0,46.0,46.0,46.0,46.0,46.0,46.0,46.0,46.0,46.0,46.0,46.0,0.0,0.0
Norway,NO,NOR,1000 HA,36524.4,36524.4,36524.4,36524.4,36524.4,36524.4,36524.4,36524.4,36524.4,36524.4,36524.4,36524.4,36524.4,36524.4,36524.4,36524.4,36524.4,36524.4,36524.4,36524.4,36524.4,36512.296,36510.8,36519.07,36514.573,36512.3,36510.8,36509.4,36428.5,36427.0,36427.0,-97.40000000000146,-0.27
Oman,OM,OMN,1000 HA,30950.0,30950.0,30950.0,30950.0,30950.0,30950.0,30950.0,30950.0,30950.0,30950.0,30950.0,30950.0,30950.0,30950.0,30950.0,30950.0,30950.0,30950.0,30950.0,30950.0,30950.0,30950.0,30950.0,30950.0,30950.0,30950.0,30950.0,30950.0,30950.0,30950.0,30950.0,0.0,0.0
Pakistan,PK,PAK,1000 HA,77088.0,77088.0,77088.0,77088.0,77088.0,77088.0,77088.0,77088.0,77088.0,77088.0,77088.0,77088.0,77088.0,77088.0,77088.0,77088.0,77088.0,77088.0,77088.0,77088.0,77088.0,77088.0,77088.0,77088.0,77088.0,77088.0,77088.0,77088.0,77088.0,77088.0,77088.0,0.0,0.0
"Palau, Rep. of",PW,PLW,1000 HA,46.0,46.0,46.0,46.0,46.0,46.0,46.0,46.0,46.0,46.0,46.0,46.0,46.0,46.0,46.0,46.0,46.0,46.0,46.0,46.0,46.0,46.0,46.0,46.0,46.0,46.0,46.0,46.0,46.0,46.0,46.0,0.0,0.0
Panama,PA,PAN,1000 HA,7434.0,7434.0,7434.0,7434.0,7434.0,7434.0,7434.0,7434.0,7434.0,7434.0,7434.0,7434.0,7434.0,7434.0,7434.0,7434.0,7434.0,7434.0,7434.0,7434.0,7434.0,7434.0,7412.0,7412.0,7412.0,7412.0,7418.0,7418.0,7418.0,7418.0,7418.0,-16.0,-0.22
Papua New Guinea,PG,PNG,1000 HA,45286.0,45286.0,45286.0,45286.0,45286.0,45286.0,45286.0,45286.0,45286.0,45286.0,45286.0,45286.0,45286.0,45286.0,45286.0,45286.0,45286.0,45286.0,45286.0,45286.0,45286.0,45286.0,45286.0,45286.0,45286.0,45286.0,45286.0,45286.0,45286.0,45286.0,45286.0,0.0,0.0
Paraguay,PY,PRY,1000 HA,39730.0,39730.0,39730.0,39730.0,39730.0,39730.0,39730.0,39730.0,39730.0,39730.0,39730.0,39730.0,39730.0,39730.0,39730.0,39730.0,39730.0,39730.0,39730.0,39730.0,39730.0,39730.0,39730.0,39730.0,39730.0,39730.0,39730.0,39730.0,39730.0,39730.0,39601.2042,-128.79579999999987,-0.32
Peru,PE,PER,1000 HA,128000.0,128000.0,128000.0,128000.0,128000.0,128000.0,128000.0,128000.0,128000.0,128000.0,128000.0,128000.0,128000.0,128000.0,128000.0,128000.0,128000.0,128000.0,128000.0,128000.0,128000.0,128000.0,128000.0,128000.0,128000.0,128000.0,128000.0,128000.0,128000.0,128000.0,128000.0,0.0,0.0
Philippines,PH,PHL,1000 HA,29817.0,29817.0,29817.0,29817.0,29817.0,29817.0,29817.0,29817.0,29817.0,29817.0,29817.0,29817.0,29817.0,29817.0,29817.0,29817.0,29817.0,29817.0,29817.0,29817.0,29817.0,29817.0,29817.0,29817.0,29817.0,29817.0,29817.0,29817.0,29817.0,29817.0,29817.0,0.0,0.0
Pitcairn Islands,PN,PCN,1000 HA,4.7,4.7,4.7,4.7,4.7,4.7,4.7,4.7,4.7,4.7,4.7,4.7,4.7,4.7,4.7,4.7,4.7,4.7,4.7,4.7,4.7,4.7,4.7,4.7,4.7,4.7,4.7,4.7,4.7,4.7,4.7,0.0,0.0
"Poland, Rep. of",PL,POL,1000 HA,30629.0,30629.0,30629.0,30629.0,30629.0,30629.0,30629.0,30629.0,30629.0,30629.0,30629.0,30624.0,30633.0,30633.0,30632.0,30632.0,30630.0,30628.0,30628.0,30623.0,30622.0,30621.0,30619.0,30619.0,30619.0,30619.0,30617.0,30611.0,30613.0,30610.0,30609.0,-20.0,-0.07
Portugal,PT,PRT,1000 HA,9150.0,9150.0,9150.0,9150.0,9150.0,9150.0,9150.0,9150.0,9150.0,9150.0,9150.0,9150.0,9150.0,9147.0,9147.0,9147.0,9147.0,9159.0,9159.0,9159.0,9159.0,9160.52,9160.56,9160.56,9160.56,9160.56,9160.56,9160.56,9160.56,9160.56,9160.56,10.55999999999949,0.12
Puerto Rico,PR,PRI,1000 HA,887.0,887.0,887.0,887.0,887.0,887.0,887.0,887.0,887.0,887.0,887.0,887.0,887.0,887.0,887.0,887.0,887.0,887.0,887.0,887.0,887.0,887.0,887.0,887.0,887.0,887.0,887.0,887.0,887.0,887.0,887.0,0.0,0.0
Qatar,QA,QAT,1000 HA,1161.0,1161.0,1161.0,1161.0,1161.0,1161.0,1161.0,1161.0,1161.0,1161.0,1161.0,1161.0,1161.0,1161.0,1161.0,1161.0,1161.0,1161.0,1161.0,1161.0,1161.0,1161.0,1149.0,1149.0,1149.0,1149.0,1149.0,1149.0,1149.0,1149.0,1149.0,-12.0,-1.03
Romania,RO,ROU,1000 HA,22946.0,22946.0,22951.0,22949.0,22952.0,22953.0,22959.0,22960.0,22971.0,22971.0,22987.0,22995.0,23000.0,22998.0,22998.0,22989.0,22990.0,23006.0,23005.0,23017.0,23002.0,23003.0,23008.0,23008.0,23008.0,23008.0,23008.0,23008.0,23008.0,23008.0,23008.0,62.0,0.27
Russian Federation,RU,RUS,1000 HA,1638995.0,1638618.0,1638133.0,1637838.0,1637796.0,1637865.0,1638130.0,1638851.0,1638134.0,1638044.0,1638094.0,1638098.0,1638123.0,1638139.0,1637774.0,1637774.0,1637687.0,1637687.0,1637687.0,1637687.0,1637687.0,1637687.0,1637687.0,1637687.0,1637687.0,1637687.0,1637687.0,1637687.0,1637687.0,1637687.0,1637687.0,-1308.0,-0.08
Rwanda,RW,RWA,1000 HA,2467.0,2467.0,2467.0,2467.0,2467.0,2467.0,2467.0,2467.0,2467.0,2467.0,2467.0,2467.0,2467.0,2467.0,2467.0,2467.0,2467.0,2467.0,2467.0,2467.0,2467.0,2467.0,2467.0,2467.0,2467.0,2467.0,2467.0,2467.0,2467.0,2467.0,2467.0,0.0,0.0
Réunion,RE,REU,1000 HA,250.0,250.0,250.0,250.0,250.0,250.0,250.0,250.0,250.0,250.0,250.0,250.0,250.0,250.0,250.0,250.0,250.0,250.0,250.0,250.0,250.0,251.0,251.0,251.0,251.0,251.0,251.0,251.0,251.0,251.0,251.0,1.0,0.4
Saint Helena,SH,SHN,1000 HA,39.0,39.0,39.0,39.0,39.0,39.0,39.0,39.0,39.0,39.0,39.0,39.0,39.0,39.0,39.0,39.0,39.0,39.0,39.0,39.0,39.0,39.0,39.0,39.0,39.0,39.0,39.0,39.0,39.0,39.0,39.0,0.0,0.0
Saint Pierre and Miquelon,PM,SPM,1000 HA,23.0,23.0,23.0,23.0,23.0,23.0,23.0,23.0,23.0,23.0,23.0,23.0,23.0,23.0,23.0,23.0,23.0,23.0,23.0,23.0,23.0,23.0,23.0,23.0,23.0,23.0,23.0,23.0,23.0,23.0,23.0,0.0,0.0
Samoa,WS,WSM,1000 HA,283.0,283.0,283.0,283.0,283.0,283.0,283.0,283.0,283.0,283.0,283.0,283.0,283.0,283.0,283.0,283.0,283.0,283.0,283.0,283.0,283.0,283.0,283.0,283.0,283.0,278.0,278.0,278.0,278.0,278.0,278.0,-5.0,-1.77
"San Marino, Rep. of",SM,SMR,1000 HA,6.0,6.0,6.0,6.0,6.0,6.0,6.0,6.0,6.0,6.0,6.0,6.0,6.0,6.0,6.0,6.0,6.0,6.0,6.0,6.0,6.0,6.0,6.0,6.0,6.0,6.0,6.0,6.0,6.0,6.0,6.0,0.0,0.0
Saudi Arabia,SA,SAU,1000 HA,214969.0,214969.0,214969.0,214969.0,214969.0,214969.0,214969.0,214969.0,214969.0,214969.0,214969.0,214969.0,214969.0,214969.0,214969.0,214969.0,214969.0,214969.0,214969.0,214969.0,214969.0,214969.0,214969.0,214969.0,214969.0,214969.0,214969.0,214969.0,214969.0,214969.0,214969.0,0.0,0.0
Senegal,SN,SEN,1000 HA,19253.0,19253.0,19253.0,19253.0,19253.0,19253.0,19253.0,19253.0,19253.0,19253.0,19253.0,19253.0,19253.0,19253.0,19253.0,19253.0,19253.0,19253.0,19253.0,19253.0,19253.0,19253.0,19253.0,19253.0,19253.0,19253.0,19253.0,19253.0,19253.0,19253.0,19253.0,0.0,0.0
Serbia and Montenegro,CS,SCG,1000 HA,10200.0,10200.0,10200.0,10200.0,10200.0,10200.0,10200.0,10200.0,10200.0,10200.0,10200.0,10200.0,10200.0,10200.0,,,,,,,,,,,,,,,,,,,
"Serbia, Rep. of",RS,SRB,1000 HA,,,,,,,,,,,,,,,8746.0,8746.0,8746.0,8746.0,8746.0,8746.0,8746.0,8746.0,8746.0,8746.0,8746.0,8746.0,8746.0,8746.0,8409.0,8409.0,8409.0,,
Seychelles,SC,SYC,1000 HA,46.0,46.0,46.0,46.0,46.0,46.0,46.0,46.0,46.0,46.0,46.0,46.0,46.0,46.0,46.0,46.0,46.0,46.0,46.0,46.0,46.0,46.0,46.0,46.0,46.0,46.0,46.0,46.0,46.0,46.0,46.0,0.0,0.0
Sierra Leone,SL,SLE,1000 HA,7218.0,7218.0,7218.0,7218.0,7218.0,7218.0,7218.0,7218.0,7218.0,7218.0,7218.0,7218.0,7218.0,7218.0,7218.0,7218.0,7218.0,7218.0,7218.0,7218.0,7218.0,7218.0,7218.0,7218.0,7218.0,7218.0,7218.0,7218.0,7218.0,7218.0,7218.0,0.0,0.0
Singapore,SG,SGP,1000 HA,67.0,67.0,67.0,67.0,67.0,67.0,67.0,67.0,67.0,67.0,67.5,68.7,68.9,68.9,69.4,69.5,70.0,70.0,70.2,70.4,70.6,70.7,70.9,70.9,70.9,71.2,71.4,71.6,71.8,71.8,71.8,4.799999999999997,7.16
Slovak Rep.,SK,SVK,1000 HA,,4810.0,4810.0,4810.0,4810.0,4810.0,4810.0,4810.0,4810.0,4810.0,4810.0,4811.0,4810.0,4810.0,4810.0,4810.0,4810.0,4809.0,4809.1,4808.8,4808.8,4808.8,4808.0,4808.2,4808.0,4808.0,4808.0,4808.0,4808.0,4808.0,4808.0,,
"Slovenia, Rep. of",SI,SVN,1000 HA,2014.0,2014.0,2014.0,2014.0,2014.0,2014.0,2014.0,2014.0,2014.0,2014.0,2014.0,2014.0,2014.0,2014.0,2014.0,2014.0,2014.62,2014.58,2014.62,2014.6,2014.57,2014.0,2014.0,2014.26,2014.2,2013.81,2013.64,2013.64,2013.64,2013.64,2013.64,-0.35999999999989996,-0.02
Solomon Islands,SB,SLB,1000 HA,2799.0,2799.0,2799.0,2799.0,2799.0,2799.0,2799.0,2799.0,2799.0,2799.0,2799.0,2799.0,2799.0,2799.0,2799.0,2799.0,2799.0,2799.0,2799.0,2799.0,2799.0,2799.0,2799.0,2799.0,2799.0,2799.0,2799.0,2799.0,2799.0,2799.0,2799.0,0.0,0.0
Somalia,SO,SOM,1000 HA,62734.0,62734.0,62734.0,62734.0,62734.0,62734.0,62734.0,62734.0,62734.0,62734.0,62734.0,62734.0,62734.0,62734.0,62734.0,62734.0,62734.0,62734.0,62734.0,62734.0,62734.0,62734.0,62734.0,62734.0,62734.0,62734.0,62734.0,62734.0,62734.0,62734.0,62734.0,0.0,0.0
South Africa,ZA,ZAF,1000 HA,121309.0,121309.0,121309.0,121309.0,121309.0,121309.0,121309.0,121309.0,121309.0,121309.0,121309.0,121309.0,121309.0,121309.0,121309.0,121309.0,121309.0,121309.0,121309.0,121309.0,121309.0,121309.0,121309.0,121309.0,121309.0,121309.0,121309.0,121309.0,121309.0,121309.0,121309.0,0.0,0.0
"South Sudan, Rep. of",SS,SSD,1000 HA,,,,,,,,,,,,,,,,,,,,,63193.0,63193.0,63193.0,63193.0,63193.0,63193.0,63193.0,63193.0,63193.0,63193.0,63193.0,,
Spain,ES,ESP,1000 HA,49944.0,49944.0,49944.0,49944.0,49944.0,49944.0,49944.0,49944.0,49900.0,49852.0,49904.0,49921.0,49918.0,49909.0,49898.0,49911.0,49880.0,49866.0,50001.0,49988.0,50021.0,50021.0,50021.0,49966.1,49956.4,49954.735,49960.3479,49957.0036,49955.6645,49973.3244,49971.3681,27.368099999999686,0.05
Sri Lanka,LK,LKA,1000 HA,6271.0,6271.0,6271.0,6271.0,6271.0,6271.0,6271.0,6271.0,6271.0,6271.0,6271.0,6271.0,6271.0,6271.0,6271.0,6271.0,6271.0,6271.0,6271.0,6271.0,6271.0,6271.0,6271.0,6189.3,6189.3,6189.3,6186.4,6186.447,6186.0,6186.0,6186.0,-85.0,-1.36
St. Kitts and Nevis,KN,KNA,1000 HA,26.0,26.0,26.0,26.0,26.0,26.0,26.0,26.0,26.0,26.0,26.0,26.0,26.0,26.0,26.0,26.0,26.0,26.0,26.0,26.0,26.0,26.0,26.0,26.0,26.0,26.0,26.0,26.0,26.0,26.0,26.0,0.0,0.0
St. Lucia,LC,LCA,1000 HA,61.0,61.0,61.0,61.0,61.0,61.0,61.0,61.0,61.0,61.0,61.0,61.0,61.0,61.0,61.0,61.0,61.0,61.0,61.0,61.0,61.0,61.0,61.0,61.0,61.0,61.0,61.0,61.0,61.0,61.0,61.0,0.0,0.0
St. Vincent and the Grenadines,VC,VCT,1000 HA,39.0,39.0,39.0,39.0,39.0,39.0,39.0,39.0,39.0,39.0,39.0,39.0,39.0,39.0,39.0,39.0,39.0,39.0,39.0,39.0,39.0,39.0,39.0,39.0,39.0,39.0,39.0,39.0,39.0,39.0,39.0,0.0,0.0
Sudan,SD,SDN,1000 HA,,,,,,,,,,,,,,,,,,,,,186800.0,186800.0,186800.0,186800.0,186800.0,186800.0,186800.0,186800.0,186800.0,186800.0,186800.0,,
Suriname,SR,SUR,1000 HA,16050.761,16050.761,16050.761,16050.761,16050.761,16050.761,16050.761,16050.761,16050.761,16050.761,16050.761,16050.761,16050.761,16050.761,16050.761,16050.761,16050.761,16050.761,16050.761,16050.761,16050.761,16050.761,16050.761,16050.761,16050.761,16050.761,16050.761,16050.761,16050.761,16050.761,16050.761,0.0,0.0
Sweden,SE,SWE,1000 HA,40733.97,40733.97,40733.97,40733.97,40733.97,40733.97,40733.97,40733.97,40733.97,40733.97,40733.97,40733.97,40733.97,40733.97,40733.97,40733.97,40733.97,40733.97,40733.97,40733.97,40733.97,40733.97,40733.97,40731.064,40731.064,40731.064,40731.064,40728.0,40728.0,40728.0,40728.0,-5.970000000001164,-0.01
Switzerland,CH,CHE,1000 HA,3952.943,3952.951,3952.959,3952.967,3952.8454,3952.7237,3952.6019,3952.48,3952.3581,3952.236,3952.1139,3951.9917,3951.8694,3951.747,3951.6245,3951.502,3951.4422,3951.3824,3951.3225,3951.2626,3951.2028,3951.1428,3951.0829,3951.023,3950.963,3950.963,3950.963,3950.963,3950.963,3950.963,3950.963,-1.9800000000000182,-0.05
Syrian Arab Rep.,SY,SYR,1000 HA,18378.0,18378.0,18378.0,18378.0,18378.0,18378.0,18378.0,18378.0,18378.0,18378.0,18378.0,18359.0,18357.0,18357.0,18363.0,18364.0,18364.0,18364.0,18363.0,18363.0,18363.0,18363.0,18363.0,18363.0,18363.0,18363.0,18363.0,18363.0,18363.0,18363.0,18517.9709,139.97090000000026,0.76
"São Tomé and Príncipe, Dem. Rep. of",ST,STP,1000 HA,96.0,96.0,96.0,96.0,96.0,96.0,96.0,96.0,96.0,96.0,96.0,96.0,96.0,96.0,96.0,96.0,96.0,96.0,96.0,96.0,96.0,96.0,96.0,96.0,96.0,96.0,96.0,96.0,96.0,96.0,96.0,0.0,0.0
"Tajikistan, Rep. of",TJ,TJK,1000 HA,13996.0,13996.0,13996.0,13996.0,13996.0,13996.0,13996.0,13996.0,13996.0,13996.0,13996.0,13996.0,13996.0,13996.0,13996.0,13996.0,13996.0,13996.0,13996.0,13996.0,13996.0,13996.0,13878.6,13879.0,13879.0,13879.0,13879.0,13879.0,13879.0,13879.0,13879.0,-117.0,-0.84
"Tanzania, United Rep. of",TZ,TZA,1000 HA,88580.0,88580.0,88580.0,88580.0,88580.0,88580.0,88580.0,88580.0,88580.0,88580.0,88580.0,88580.0,88580.0,88580.0,88580.0,88580.0,88580.0,88580.0,88580.0,88580.0,88580.0,88580.0,88580.0,88580.0,88580.0,88580.0,88580.0,88580.0,88580.0,88580.0,88580.0,0.0,0.0
Thailand,TH,THA,1000 HA,51089.0,51089.0,51089.0,51089.0,51089.0,51089.0,51089.0,51089.0,51089.0,51089.0,51089.0,51089.0,51089.0,51089.0,51089.0,51089.0,51089.0,51089.0,51089.0,51089.0,51089.0,51089.0,51089.0,51089.0,51089.0,51089.0,51089.0,51089.0,51089.0,51089.0,51089.0,0.0,0.0
"Timor-Leste, Dem. Rep. of",TL,TLS,1000 HA,1487.0,1487.0,1487.0,1487.0,1487.0,1487.0,1487.0,1487.0,1487.0,1487.0,1487.0,1487.0,1487.0,1487.0,1487.0,1487.0,1487.0,1487.0,1487.0,1487.0,1487.0,1487.0,1487.0,1487.0,1487.0,1487.0,1487.0,1487.0,1487.0,1487.0,1487.0,0.0,0.0
Togo,TG,TGO,1000 HA,5439.0,5439.0,5439.0,5439.0,5439.0,5439.0,5439.0,5439.0,5439.0,5439.0,5439.0,5439.0,5439.0,5439.0,5439.0,5439.0,5439.0,5439.0,5439.0,5439.0,5439.0,5439.0,5439.0,5439.0,5439.0,5439.0,5439.0,5439.0,5439.0,5439.0,5439.0,0.0,0.0
Tonga,TO,TON,1000 HA,72.0,72.0,72.0,72.0,72.0,72.0,72.0,72.0,72.0,72.0,72.0,72.0,72.0,72.0,72.0,72.0,72.0,72.0,72.0,72.0,72.0,72.0,72.0,72.0,72.0,72.0,72.0,72.0,72.0,72.0,72.0,0.0,0.0
Trinidad and Tobago,TT,TTO,1000 HA,513.0,513.0,513.0,513.0,513.0,513.0,513.0,513.0,513.0,513.0,513.0,513.0,513.0,513.0,513.0,513.0,513.0,513.0,513.0,513.0,513.0,513.0,513.0,513.0,513.0,513.0,513.0,513.0,513.0,513.0,513.0,0.0,0.0
Tunisia,TN,TUN,1000 HA,15536.0,15536.0,15536.0,15536.0,15536.0,15536.0,15536.0,15536.0,15536.0,15536.0,15536.0,15536.0,15536.0,15536.0,15536.0,15536.0,15536.0,15536.0,15536.0,15536.0,15536.0,15536.0,15536.0,15536.0,15536.0,15536.0,15536.0,15536.0,15536.0,15536.0,15536.0,0.0,0.0
Turkmenistan,TM,TKM,1000 HA,46993.0,46993.0,46993.0,46993.0,46993.0,46993.0,46993.0,46993.0,46993.0,46993.0,46993.0,46993.0,46993.0,46993.0,46993.0,46993.0,46993.0,46993.0,46993.0,46993.0,46993.0,46993.0,46993.0,46993.0,46993.0,46993.0,46993.0,46993.0,46993.0,46993.0,46993.0,0.0,0.0
Turks and Caicos Islands,TC,TCA,1000 HA,95.0,95.0,95.0,95.0,95.0,95.0,95.0,95.0,95.0,95.0,95.0,95.0,95.0,95.0,95.0,95.0,95.0,95.0,95.0,95.0,95.0,95.0,95.0,95.0,95.0,95.0,95.0,95.0,95.0,95.0,95.0,0.0,0.0
Tuvalu,TV,TUV,1000 HA,3.0,3.0,3.0,3.0,3.0,3.0,3.0,3.0,3.0,3.0,3.0,3.0,3.0,3.0,3.0,3.0,3.0,3.0,3.0,3.0,3.0,3.0,3.0,3.0,3.0,3.0,3.0,3.0,3.0,3.0,3.0,0.0,0.0
"Türkiye, Rep. of",TR,TUR,1000 HA,76963.0,76963.0,76963.0,76963.0,76963.0,76963.0,76963.0,76963.0,76963.0,76963.0,76963.0,76963.0,76963.0,76963.0,76963.0,76963.0,76963.0,76963.0,76963.0,76963.0,76963.0,76963.0,76963.0,76963.0,76963.0,76963.0,76963.0,76963.0,76963.0,76963.0,76963.0,0.0,0.0
Uganda,UG,UGA,1000 HA,19981.0,19981.0,19981.0,19981.0,19981.0,19981.0,19981.0,19981.0,19981.0,19981.0,19981.0,19981.0,19981.0,19981.0,19981.0,19981.0,19981.0,19981.0,20052.0,20052.0,20052.0,20052.0,20052.0,20052.0,20052.0,20052.0,20052.0,20052.0,20052.0,20052.0,20052.0,71.0,0.36
Ukraine,UA,UKR,1000 HA,57935.0,57935.0,57935.0,57935.0,57935.0,57935.0,57935.0,57935.0,57935.0,57935.0,57934.0,57934.0,57934.0,57938.0,57936.0,57933.0,57932.0,57932.0,57932.0,57932.0,57932.0,57932.0,57929.0,57929.0,57929.0,57930.0,57940.0,57940.0,57940.0,57940.0,57940.0,5.0,0.01
United Arab Emirates,AE,ARE,1000 HA,7102.0,7102.0,7102.0,7102.0,7102.0,7102.0,7102.0,7102.0,7102.0,7102.0,7102.0,7102.0,7102.0,7102.0,7102.0,7102.0,7102.0,7102.0,7102.0,7102.0,7102.0,7102.0,7102.0,7102.0,7102.0,7102.0,7102.0,7102.0,7102.0,7102.0,7102.0,0.0,0.0
United Kingdom,GB,GBR,1000 HA,24193.0,24193.0,24193.0,24193.0,24193.0,24193.0,24193.0,24193.0,24193.0,24193.0,24193.0,24193.0,24193.0,24193.0,24193.0,24193.0,24193.0,24193.0,24193.0,24193.0,24193.0,24193.0,24193.0,24193.0,24193.0,24193.0,24193.0,24193.0,24193.0,24193.0,24193.0,0.0,0.0
United States,US,USA,1000 HA,915896.0,915896.0,915896.0,915896.0,915896.0,915896.0,915896.0,915896.0,916192.0,916192.0,916192.0,916192.0,916192.0,916192.0,916192.0,916192.0,914742.0,914742.0,914742.0,914742.0,914742.0,914742.0,914742.0,914742.0,914742.0,914742.0,914742.0,914742.0,914742.0,914742.0,914742.0,-1154.0,-0.13
United States Virgin Islands,VI,VIR,1000 HA,35.0,35.0,35.0,35.0,35.0,35.0,35.0,35.0,35.0,35.0,35.0,35.0,35.0,35.0,35.0,35.0,35.0,35.0,35.0,35.0,35.0,35.0,35.0,35.0,35.0,35.0,35.0,35.0,35.0,35.0,35.0,0.0,0.0
Uruguay,UY,URY,1000 HA,17502.0,17502.0,17502.0,17502.0,17502.0,17502.0,17502.0,17502.0,17502.0,17502.0,17502.0,17502.0,17502.0,17502.0,17502.0,17502.0,17502.0,17502.0,17502.0,17502.0,17502.0,17502.0,17502.0,17502.0,17502.0,17502.0,17502.0,17502.0,17502.0,17502.0,17502.0,0.0,0.0
"Uzbekistan, Rep. of",UZ,UZB,1000 HA,42540.0,42540.0,42540.0,42540.0,42540.0,42540.0,42540.0,42540.0,43596.5,43591.1,43591.1,43587.7,43585.3,43584.9,43585.0,43598.4,43596.7,43594.5,43589.2,43580.9,43580.0,43578.9,43578.9,44060.0,44059.1,44058.8,44058.7,44055.5,44065.0,44065.3,44065.2,1525.199999999997,3.59
Vanuatu,VU,VUT,1000 HA,1219.0,1219.0,1219.0,1219.0,1219.0,1219.0,1219.0,1219.0,1219.0,1219.0,1219.0,1219.0,1219.0,1219.0,1219.0,1219.0,1219.0,1219.0,1219.0,1219.0,1219.0,1219.0,1219.0,1219.0,1219.0,1219.0,1219.0,1219.0,1219.0,1219.0,1219.0,0.0,0.0
"Venezuela, Rep. Bolivariana de",VE,VEN,1000 HA,88205.0,88205.0,88205.0,88205.0,88205.0,88205.0,88205.0,88205.0,88205.0,88205.0,88205.0,88205.0,88205.0,88205.0,88205.0,88205.0,88205.0,88205.0,88205.0,88205.0,88205.0,88205.0,88205.0,88205.0,88205.0,88205.0,88205.0,88205.0,88205.0,88205.0,88205.0,0.0,0.0
Vietnam,VN,VNM,1000 HA,32549.0,32549.0,32549.0,32549.0,32549.0,32549.0,32549.0,32549.0,31106.0,31109.0,31055.0,31007.0,31007.0,31283.7,31279.5,31255.8,31279.2,31276.2,31329.4,31328.4,31345.7,31300.733,31337.1,31338.3,31338.7,31340.3,31342.9,31342.9,31342.9,31342.9,31342.9,-1206.0999999999985,-3.71
Wallis and Futuna Islands,WF,WLF,1000 HA,14.0,14.0,14.0,14.0,14.0,14.0,14.0,14.0,14.0,14.0,14.0,14.0,14.0,14.0,14.0,14.0,14.0,14.0,14.0,14.0,14.0,14.0,14.0,14.0,14.0,14.0,14.0,14.0,14.0,14.0,14.0,0.0,0.0
West Bank and Gaza,PS,PSE,1000 HA,602.0,602.0,602.0,602.0,602.0,602.0,602.0,602.0,602.0,602.0,602.0,602.0,602.0,602.0,602.0,602.0,602.0,602.0,602.0,602.0,602.0,602.0,602.0,602.0,602.0,602.0,602.0,602.0,602.0,602.5,602.5,0.5,0.08
Western Sahara,EH,ESH,1000 HA,26600.0,26600.0,26600.0,26600.0,26600.0,26600.0,26600.0,26600.0,26600.0,26600.0,26600.0,26600.0,26600.0,26600.0,26600.0,26600.0,26600.0,26600.0,26600.0,26600.0,26600.0,26600.0,26600.0,26600.0,26600.0,26600.0,26600.0,26600.0,26600.0,26600.0,26600.0,0.0,0.0
"Yemen, Rep. of",YE,YEM,1000 HA,52797.0,52797.0,52797.0,52797.0,52797.0,52797.0,52797.0,52797.0,52797.0,52797.0,52797.0,52797.0,52797.0,52797.0,52797.0,52797.0,52797.0,52797.0,52797.0,52797.0,52797.0,52797.0,52797.0,52797.0,52797.0,52797.0,52797.0,52797.0,52797.0,52797.0,52797.0,0.0,0.0
Zambia,ZM,ZMB,1000 HA,74339.0,74339.0,74339.0,74339.0,74339.0,74339.0,74339.0,74339.0,74339.0,74339.0,74339.0,74339.0,74339.0,74339.0,74339.0,74339.0,74339.0,74339.0,74339.0,74339.0,74339.0,74339.0,74339.0,74339.0,74339.0,74339.0,74339.0,74339.0,74339.0,74339.0,74339.0,0.0,0.0
Zimbabwe,ZW,ZWE,1000 HA,38685.0,38685.0,38685.0,38685.0,38685.0,38685.0,38685.0,38685.0,38685.0,38685.0,38685.0,38685.0,38685.0,38685.0,38685.0,38685.0,38685.0,38685.0,38685.0,38685.0,38685.0,38685.0,38685.0,38685.0,38685.0,38685.0,38685.0,38685.0,38685.0,38685.0,38685.0,0.0,0.0
