Country,ISO2,ISO3,Unit,1992,1993,1994,1995,1996,1997,1998,1999,2000,2001,2002,2003,2004,2005,2006,2007,2008,2009,2010,2011,2012,2013,2014,2015,2016,2017,2018,2019,2020,Change_Absolute,Change_Percent
Algeria,DZ,DZA,Index,100.0,99.4923215664394,98.9846431328787,98.4769646993181,97.9692862657575,97.4616078321969,96.9539293986362,96.4465753602408,95.9388969266802,98.066929210487,100.195285889459,102.323318173266,104.451674852238,106.579707136045,108.707739419852,110.836096098824,112.964128382631,115.092485061603,117.220517345409,117.773935497265,118.327353649121,118.880447405812,119.433865557668,119.987283709524,119.606443785562,118.74841857357,117.327892145095,118.441216352111,119.115309505427,19.115309505427007,19.12
American Samoa,AS,ASM,Index,100.0,101.176271473301,102.352542946602,103.528814419904,104.705085893205,105.881357366506,107.057628839807,108.233900313108,109.410171786409,110.31564694931,111.229584496911,112.135059659812,113.048997207413,113.954472370314,114.859947533215,115.773885080816,116.679360243717,117.593297791318,118.498772954219,119.328086654819,120.15740035542,120.986714056021,121.816027756622,122.645341457223,123.643902851824,124.625539477025,125.641025641026,126.411102648726,127.392739273927,27.392739273927006,27.39
Andorra,AD,AND,Index,100.0,100.0,100.0,100.0,100.0,100.0,100.0,100.0,100.0,100.0,100.0,100.0,100.0,100.0,100.0,100.0,100.0,100.0,100.0,100.0,100.0,100.0,100.0,100.0,100.0,100.0,100.0,100.0,100.0,0.0,0.0
Angola,AO,AGO,Index,100.0,99.8031502988808,99.6063005977616,99.4094508966425,99.2126011955233,99.0157514944041,98.8189017932849,98.6220520921658,98.4252023910466,97.7221625086052,97.0191299559859,96.3160900735445,95.6130575209252,94.9100176384838,94.2069850858645,93.5039452034231,92.8009053209817,92.0978727683624,91.394832885921,90.6918003333017,89.9887604508603,89.2857205684189,88.5826880157996,87.8796481333582,87.1766009210948,86.4735756982975,85.7705431456782,85.0674959334147,84.3644560509733,-15.635543949026697,-15.64
Anguilla,AI,AIA,Index,100.0,100.0,100.0,100.0,100.0,100.0,100.0,100.0,100.0,100.0,100.0,100.0,100.0,100.0,100.0,100.0,100.0,100.0,100.0,100.0,100.0,100.0,100.0,100.0,100.0,100.0,100.0,100.0,100.0,0.0,0.0
Antigua and Barbuda,AG,ATG,Index,100.0,99.3420531113753,98.6761791518034,98.0182322631787,97.3523583036068,96.6944114149822,96.0364645263575,95.3705905667856,94.7126436781609,94.0388426476417,93.3650416171225,92.6991676575505,92.0253666270313,91.3515655965121,90.6777645659929,90.0118906064209,89.3380895759017,88.6642885453825,87.9984145858106,87.3325406262386,86.6745937376139,86.008719778042,85.3507728894174,84.6848989298454,83.9873166864843,83.3848592944907,82.6793499801823,81.9817677368212,81.3793103448276,-18.6206896551724,-18.62
Argentina,AR,ARG,Index,100.0,99.6898092430502,99.3796184861005,99.0694277291508,98.759236972201,98.4490434693498,98.1388527124001,97.8286619554503,97.5184711985006,96.8305130499927,96.1425576473863,95.4545994988785,94.7666413503706,94.0786859477642,93.3907277992564,92.7027696507485,92.0148115022407,91.3268560996343,90.6388979511264,90.1700627380817,89.7012275250369,89.2323923119922,88.7635570989474,88.2947218859027,88.1342761184585,87.9160812976845,87.7140159020095,87.5049017773204,87.2930856856075,-12.706914314392506,-12.71
"Armenia, Rep. of",AM,ARM,Index,100.0,99.7767871138448,99.5535742276897,99.3303613415345,99.1071484553794,98.8839355692242,98.6600956805799,98.4368827944247,98.2136699082695,98.0029970718984,97.7923242355272,97.5816513991561,97.3709785627849,97.1603057264137,96.9496328900426,96.7395870561606,96.5289142197895,96.3182413834183,96.1075685470471,96.2411200772467,96.3746716074463,96.5088501401351,96.6424016703346,96.7759532005342,96.7145069565926,96.6524337101618,96.5909874662202,96.5295412222787,96.4674679758479,-3.532532024152104,-3.53
Australia,AU,AUS,Index,100.0,99.8450486694463,99.6900985257133,99.5351483819804,99.3801982382475,99.2252480945146,99.0702979507817,98.915346620228,98.760396476495,98.6734927063628,98.5865889362305,98.4996851660982,98.4127825827868,98.3258788126546,98.2389750425223,98.15207127239,98.0651675022578,97.9782637321255,97.8913599619932,97.9948198830234,98.0982809908744,98.2017409119045,98.3052008329346,98.4086619407856,98.4057399878458,98.4230141653596,98.4139812718483,98.4139812718483,98.4139812718483,-1.5860187281517,-1.59
Austria,AT,AUT,Index,100.0,101.081708427687,102.163416855374,103.245154509734,104.326862937421,105.408571365108,106.490309019468,107.572017447155,108.653725874842,109.152595971629,109.651466068416,110.150336165203,110.64920626199,111.148076358777,111.64691722889,112.145787325677,112.644657422465,113.143527519252,113.642397616039,114.213311463987,114.784225311936,115.355168386559,115.926082234508,116.496996082457,117.07056955773,117.656067515955,118.23107309825,118.795527851267,119.372257807321,19.372257807321006,19.37
"Bahamas, The",BS,BHS,Index,100.0,100.0,100.0,100.0,100.0,100.0,100.0,100.0,100.0,100.0,100.0,100.0,100.0,100.0,100.0,100.0,100.0,100.0,100.0,100.0,100.0,100.0,100.0,100.0,100.0,100.0,100.0,100.0,100.0,0.0,0.0
Bangladesh,BD,BGD,Index,100.0,100.0,100.0,100.0,100.0,100.0,100.0,100.0,100.0,99.8333570597151,99.6668337482459,99.5003104367768,99.3336674964919,99.1671441850227,99.0006208735535,98.8339779332687,98.6674546217995,98.5009313103303,98.3342883700454,98.2828479792899,98.2314075885343,98.1799671977787,98.1284071782075,98.0769667874519,98.0769667874519,98.0769667874519,98.0769667874519,98.0769667874519,98.0769667874519,-1.9230332125481056,-1.92
"Belarus, Rep. of",BY,BLR,Index,100.0,103.629709543927,107.259419087855,110.889128631782,114.518814142673,118.148523686601,121.778233230528,125.407918741419,129.037628285346,132.145532534844,135.253460817378,138.361365066876,141.469269316373,144.577197598907,147.685101848405,150.793006097902,153.9009103474,157.008838629934,160.116742879432,162.661096449623,165.205450019815,167.749803590007,170.294157160199,172.838534763427,176.873825835947,179.684297222334,184.183233640291,185.961389965102,187.112308063156,87.11230806315601,87.11
Belgium,BE,BEL,Index,100.0,102.292886405165,104.585772810331,106.878481637553,109.171368042718,111.46407686994,113.756963275106,116.049849680271,118.342558507493,120.057762808513,121.772967109533,123.488171410554,125.203177582395,126.918381883415,128.633586184435,130.348790485456,132.063994786476,133.779000958317,135.494205259337,136.856739622063,138.21907585561,139.581610218335,140.943946451882,142.306480814608,142.306480814608,142.306480814608,142.306480814608,142.306480814608,142.306480814608,42.306480814607994,42.31
Belize,BZ,BLZ,Index,100.0,99.104745639456,98.2094395570123,97.3141334745686,96.4188273921249,95.5235213096813,94.6282669491372,93.7329608666935,92.8376547842498,92.4056217567136,91.9735887291774,91.5415557016412,91.109522674105,90.6774896465687,90.2454566190325,89.8134235914963,89.3814422858597,88.9494092583235,88.5173762307872,87.7722705448437,87.0271648589001,86.2820591729565,85.5370052089125,84.7918995229689,84.0825336696636,83.3725988754625,82.6632330221571,81.9532465060564,81.2432599899556,-18.756740010044396,-18.76
Benin,BJ,BEN,Index,100.0,98.5091000168799,97.0182000337598,95.5273000506397,94.0364000675196,92.5455000843995,91.0546001012794,89.5637001181593,88.0728001350392,87.0078715756677,85.9429430162962,84.8780144569247,83.8130858975532,82.7481573381817,81.6832287788102,80.6183002194387,79.5533716600672,78.4884431006957,77.4235145413242,76.3585859819527,75.2936574225812,74.2287288632097,73.1638003038382,72.0988717444667,71.0339431850952,69.9690146257237,68.9040860663522,67.8391575069807,66.7742289476092,-33.2257710523908,-33.23
Bhutan,BT,BTN,Index,100.0,100.392936987085,100.785895772516,101.178832759601,101.571769746686,101.964706733771,102.357665519202,102.750602506287,103.143539493372,103.536520077149,103.929500660926,104.322481244703,104.715483626826,105.108464210603,105.501444794381,105.894425378158,106.287405961935,106.680386545712,107.073367129489,107.151666788737,107.22994464964,107.308222510542,107.38652216979,107.464800030692,107.543165084979,107.621530139265,107.699916991898,107.778282046185,107.856647100471,7.856647100470994,7.86
Bolivia,BO,BOL,Index,100.0,99.527919361444,99.0558364546762,98.5837558161202,98.1116751775641,97.6395922707964,97.1675116322403,96.6954309936843,96.2233480869165,95.871403282488,95.5194584780594,95.1675136736309,94.8155688692023,94.4636240647738,94.1116792603452,93.7597321877049,93.4077873832764,93.0558425788479,92.7038977744193,92.3341066801217,91.9643133176124,91.5945222233147,91.2247288608054,90.8549377665078,90.3720173441078,89.9206681607377,89.5033376168512,89.1200620038358,88.7708027620921,-11.229197237907897,-11.23
Bosnia and Herzegovina,BA,BIH,Index,100.0,99.5510029963971,99.1019545966171,98.6529575930142,98.2039091932342,97.7549121896313,97.3059151860285,96.8568667862484,96.4078697826456,96.3668042371008,96.3257900877333,96.2847245421885,96.2436589966438,96.2026448472762,96.1615793017315,96.120565152364,96.0794996068192,96.0384340612745,95.997419911907,96.5255670283244,97.0537141447419,97.5818098649822,98.1099569813997,98.6381040978172,99.3690605292778,99.8894982191225,99.8894982191225,99.8894982191225,99.8894982191225,-0.11050178087749885,-0.11
Botswana,BW,BWA,Index,100.0,99.362852633982,98.7257052679641,98.0885579019461,97.4514105359282,96.8142574034532,96.1771100374353,95.5399626714173,94.9028153053994,94.2656679393814,93.6285148069065,92.9913674408885,92.3542200748705,91.7170727088526,91.0799253428346,90.4427722103597,89.8056248443417,89.1684774783238,88.5313301123058,87.8941827462878,87.2570296138129,86.6198822477949,85.982734881777,85.345587515759,84.7084401497411,84.0712870172661,83.4341396512481,82.7969922852302,82.1598449192122,-17.840155080787795,-17.84
Brazil,BR,BRA,Index,100.0,99.5128756521179,99.0257511322049,98.5386267843228,98.0515024364406,97.5643780885584,97.0772535686455,96.5901292207634,96.1030048728812,95.5865310461528,95.0700573914552,94.5535835647267,94.0371097379983,93.5206360833007,93.0041622565723,92.4876884298439,91.9712147751462,91.4547409484178,90.9382671216894,90.8154930732058,90.6927190247222,90.5699449762385,90.4471709277549,90.3243968792713,90.0876254473204,89.8165049787455,89.7155372045992,89.5588099622569,89.4236047994461,-10.576395200553904,-10.58
British Virgin Islands,VG,VGB,Index,100.0,99.8931623931624,99.7863247863248,99.6794871794872,99.5726495726496,99.465811965812,99.3589743589744,99.2521367521367,99.1452991452991,99.0598290598291,98.974358974359,98.9102564102564,98.8247863247863,98.7393162393162,98.6538461538461,98.5683760683761,98.5042735042735,98.4188034188034,98.3333333333333,98.2264957264957,98.1196581196581,98.0128205128205,97.9059829059829,97.7991452991453,97.7991452991453,97.7991452991453,97.7991452991453,97.7991452991453,97.7991452991453,-2.2008547008547055,-2.2
Brunei Darussalam,BN,BRN,Index,100.0,99.6095994792399,99.2191989584799,98.8287984377198,98.4382283987137,98.0478278779537,97.6574273571936,97.2670268364335,96.8766263156735,96.4616456492295,96.0468345010315,95.6320233528336,95.2172122046356,94.8024010564377,94.3875899082398,93.9726092417958,93.5577980935978,93.1429869453999,92.7281757972019,92.7281757972019,92.7281757972019,92.7281757972019,92.7281757972019,92.7281757972019,92.7281757972019,92.7281757972019,92.7281757972019,92.7281757972019,92.7281757972019,-7.271824202798101,-7.27
Bulgaria,BG,BGR,Index,100.0,102.778366707148,105.556777768808,108.335188830469,111.11359989213,113.891966599277,116.670377660938,119.448788722599,122.22719978426,125.220552816911,128.213950204075,131.207347591239,134.200744978404,137.194142365568,140.187539752732,143.180892785384,146.174290172548,149.167687559712,152.161084946877,153.769113468603,155.377141990329,156.985170512055,158.593199033781,160.201227555507,163.908821314295,168.3097648235,172.582302016977,176.965814202493,181.357531972951,81.357531972951,81.36
Burkina Faso,BF,BFA,Index,100.0,98.8331261512218,97.6662174037162,96.4993086562105,95.3323999087049,94.1654911611993,92.9986173124211,91.8317085649155,90.6647998174098,89.0990335146438,87.5332672118778,85.9675009091118,84.4017346063458,82.8359683035798,81.2702020008138,79.7044356980478,78.1386693952818,76.5729030925158,75.0071367897498,74.4485477592574,73.8899238300376,73.3313347995452,72.7727108703254,72.214121839833,69.4165002579016,66.6537774033532,63.9259532761878,63.4199217291342,60.7444456930434,-39.2555543069566,-39.26
Burundi,BI,BDI,Index,100.0,96.8269796364247,93.654519481247,90.4820593260693,87.309038962494,84.1365788073163,80.9641186521386,77.7910982885633,74.6186381333856,74.6186381333856,74.6186381333856,74.6186381333856,74.6186381333856,74.6186381333856,74.6186381333856,74.6186381333856,74.6186381333856,74.6186381333856,74.6186381333856,82.1719279572001,89.7252177810145,97.278507604829,104.832357637041,112.385647460855,112.385647460855,112.385647460855,112.385647460855,112.385647460855,112.385647460855,12.385647460854997,12.39
Cabo Verde,CV,CPV,Index,100.0,112.018649628734,124.037299257469,136.06458297358,148.083232602314,160.101882231048,172.120531859782,184.147815575894,196.166465204628,197.642894146089,199.127957174927,200.613020203765,202.089449145225,203.574512174063,205.050941115524,206.536004144362,208.0210671732,209.497496114661,210.982559143499,212.458988084959,213.944051113797,215.429114142635,216.905543084096,218.390606112934,219.867035054395,221.352098083233,222.83716111207,224.313590053531,225.798653082369,125.79865308236899,125.8
Cambodia,KH,KHM,Index,100.0,99.7958084985038,99.5916349542235,99.3874434527273,99.1832519512311,98.9790604497349,98.7748869054545,98.5706954039584,98.3665039024622,98.1915287911633,98.0165536798645,97.8415965257816,97.6666214144827,97.4916463031839,97.3166711918851,97.1416960805862,96.9667209692874,96.7917638152044,96.6167887039056,93.4372122356159,90.2576357673262,87.0780772562523,83.8985007879626,80.7189243196729,79.2984008021847,77.8778772846966,76.4573537672084,75.0368302497202,73.616306732232,-26.383693267767995,-26.38
Cameroon,CM,CMR,Index,100.0,99.5956397392587,99.1912794785174,98.786919217776,98.3825618575251,97.9782015967837,97.5738413360424,97.1694839757915,96.7651237150501,96.4528366201062,96.1405495251622,95.8282595297278,95.5159724347839,95.2036853398399,94.8913982448959,94.5791111499519,94.2668240550079,93.9545369600639,93.6422469646296,93.3913458475376,93.1404447304457,92.8895436133537,92.6386424962618,92.3877384786795,92.1368373615875,91.8859362444956,91.6350351274036,91.3841340103116,91.1332299927293,-8.866770007270702,-8.87
Canada,CA,CAN,Index,100.0,99.9392261082365,99.8784517314382,99.8176778396747,99.7569034628765,99.696129571113,99.6353556793495,99.5745813025512,99.5138074107877,99.1412536274723,98.7686993591221,98.3961455758066,98.0235917924912,97.651037524141,97.2784837408255,96.9059299575101,96.5333756891599,96.1608219058445,95.788268122529,95.6354525699034,95.4826375023125,95.3298219496868,95.1770068820959,95.024191814505,94.962828605446,94.9527078690772,94.9425900429173,94.9324693065485,94.9223509953538,-5.077649004646204,-5.08
Central African Rep.,CF,CAF,Index,100.0,99.8703711723192,99.7407423446384,99.6111135169575,99.4814846892767,99.3518558615959,99.2222270339151,99.0925982062343,98.9629693785535,98.8333405508726,98.7037117231918,98.574082895511,98.4444540678302,98.3148252401494,98.1851964124686,98.0555675847878,97.9259387571069,97.7963099294261,97.6666811017453,97.5370522740645,97.4074234463837,97.2777946187029,97.1481657910221,97.0185369633412,96.8889081356604,96.7592793079796,96.6296504802988,96.500021652618,96.3703928249371,-3.629607175062901,-3.63
Chad,TD,TCD,Index,100.0,99.4317062501383,98.8634398234052,98.2951460735435,97.7268796468103,97.1585858969486,96.5903194702155,96.0220257203538,95.4537592936206,94.2111580552818,92.968556816943,91.7259555786041,90.4833543402653,89.2407531019265,87.9981518635877,86.7555506252488,85.51294938691,84.2703481485711,83.0277469102323,81.09794166676,79.1681091001592,77.2383038566869,75.3084712900861,73.3786660466138,71.5499290554968,69.7795542668754,68.0392075964855,66.3317579728206,64.6849383713175,-35.3150616286825,-35.32
Chile,CL,CHL,Index,100.0,100.234261790866,100.468518743411,100.702780534276,100.937037486822,101.171299277687,101.405556230232,101.639818021098,101.874074973643,102.355449134013,102.836818456063,103.318187778113,103.799557100162,104.280931260532,104.762300582582,105.243669904632,105.725039226682,106.206413387052,106.687782709101,107.766394285363,108.845005861625,109.923622276207,111.002233852469,112.080845428731,112.898158680455,113.646888742342,114.412523895254,115.160421766055,115.925273111083,15.925273111083001,15.93
"China, P.R.: Mainland",CN,CHN,Index,100.0,101.844897355338,103.689794710677,105.534690138682,107.37958749402,109.224484849359,111.069382204697,112.914277632702,114.75917498804,116.514183447781,118.269189980188,120.024198439928,121.779206899668,123.534215359408,125.289221891815,127.044230351555,128.799238811296,130.554245343703,132.309253803443,136.050887996632,139.792522189821,143.534156383011,147.2757905762,151.017426696723,155.111390899938,158.383916033954,161.648072686984,164.860761832819,168.147001870265,68.147001870265,68.15
Colombia,CO,COL,Index,100.0,99.6554765035854,99.3109543804857,98.966432257386,98.6219087609715,98.2773866378717,97.932864514772,97.5883410183575,97.2438188952577,96.9450116768842,96.6462058318255,96.3473986134519,96.0485913950783,95.7497855500196,95.450978331646,95.1521711132725,94.8533652682138,94.5545580498402,94.2557522047815,94.0470728933824,93.8383949552982,93.6297156438991,93.4210377058149,93.2123597677307,92.9408348221668,92.6002554860014,92.2913447902766,91.9824478277002,91.6735371319753,-8.326462868024706,-8.33
"Comoros, Union of the",KM,COM,Index,100.0,99.0320665083135,98.0641330166271,97.0902612826603,96.1223277909739,95.1543942992874,94.186460807601,93.2125890736342,92.2446555819477,91.2767220902613,90.3087885985748,89.3349168646081,88.3669833729216,87.3990498812352,86.4311163895487,85.457244655582,84.4893111638955,83.521377672209,82.5534441805226,81.5795724465558,80.6116389548694,79.6437054631829,78.6757719714964,77.7019002375297,76.7339667458432,75.7600950118765,74.8040380047506,73.8301662707839,72.8562945368171,-27.143705463182897,-27.14
"Congo, Dem. Rep. of the",CD,COD,Index,100.0,99.5491784509387,99.0983569018774,98.6475353528161,98.1967138037548,97.7458922546935,97.2950702553609,96.8442487062996,96.3934271572383,95.942605608177,95.4917840591157,95.0409625100544,94.5901409609931,94.1393194119318,93.6884978628705,93.2376763138092,92.7868547647479,92.3360327654153,91.885211216354,91.1474340079993,90.4096567996447,89.67187959129,88.9341023829353,88.1963251745807,87.4585452645981,86.7207721086853,85.9829921987027,85.2452122887201,84.5074391328073,-15.492560867192694,-15.49
"Congo, Rep. of",CG,COG,Index,100.0,99.9461666143286,99.8923332286573,99.838499842986,99.7846664573146,99.7308330716433,99.6769996859719,99.6231663003006,99.5693329146292,99.5154995289579,99.4616661432865,99.4078327576152,99.3539993719438,99.3001659862725,99.2463326006011,99.1924992149298,99.1386658292585,99.0848324435871,99.0309990579157,98.9771656722444,98.9233322865731,98.8694989009017,98.8156655152304,98.761832129559,98.7079987438877,98.6541653582163,98.5868736261271,98.519581894038,98.4522901619488,-1.5477098380512047,-1.55
Costa Rica,CR,CRI,Index,100.0,99.826816981288,99.6536339625761,99.4804231098849,99.307240091173,99.134057072461,98.9608462197699,98.7876632010579,98.614480182346,98.6627164683356,98.7109805883046,98.7592168742942,98.8074809942631,98.8557172802528,98.9039814002217,98.9522176862114,99.0004818061803,99.04871809217,99.0969822121389,99.6618449864462,100.226707760754,100.791570535061,101.356405475389,101.921268249696,102.4862701939,103.051272138103,103.615912240577,104.18091418478,104.745916128984,4.745916128984007,4.75
"Croatia, Rep. of",HR,HRV,Index,100.0,100.128279414307,100.256504472929,100.384783887236,100.513008945858,100.641288360165,100.769513418788,100.89773847741,101.026017891717,101.150981609298,101.275945326879,101.40090904446,101.525872762041,101.650836479622,101.775800197202,101.900763914783,102.025727632364,102.150691349945,102.275655067526,102.499654841406,102.723600259603,102.947600033483,103.171599807363,103.39554522556,104.471842125003,105.098889295953,105.57140325721,106.097348855867,106.624327212521,6.6243272125209955,6.62
Cuba,CU,CUB,Index,100.0,102.085803059611,104.17153547151,106.257267883409,108.343000295307,110.428803354919,112.514535766817,114.600268178716,116.686071238327,118.661663866662,120.63732714271,122.612990418757,124.588653694805,126.56424632314,128.539909599187,130.515572875235,132.491236151282,134.46689942733,136.442492055665,138.891424356788,141.340286010199,143.789147663609,146.23800931702,148.686870970431,151.463114122902,151.624402850211,151.624402850211,151.624402850211,151.624402850211,51.624402850211,51.62
Cyprus,CY,CYP,Index,100.0,100.700925960084,101.401851920168,102.099088796252,102.800014756336,103.50094071642,104.198177592504,104.899103552588,105.600029512672,108.24879182499,110.901243221308,113.553694617626,116.206146013945,118.854908326263,121.507359722581,124.159811118899,126.812262515217,129.464713911536,132.113476223854,135.308222968237,138.49928062862,141.690338289003,144.881395949386,148.072453609769,150.533072638064,152.99738075036,155.590806802671,157.992400486959,160.58213745527,60.58213745526999,60.58
Czech Rep.,CZ,CZE,Index,100.0,101.512922742126,102.796537857347,104.080202160762,105.363866464177,106.647530767591,107.931195071006,109.214859374421,110.498523677836,111.446675308775,112.394876127909,113.343027758848,114.291228577982,115.239380208921,116.187581028055,117.135732658994,118.083933478128,119.032134297261,119.980285928201,120.483973036564,120.987660144928,121.491347253292,121.995034361656,122.498672281825,123.117263011784,123.765809351997,124.927978815797,125.696839478964,126.47981715386,26.479817153859997,26.48
CÃ´te d'Ivoire,CI,CIV,Index,100.0,96.2238737169827,92.4477474339653,88.671621150948,84.8955188389219,81.1193925559045,77.3432662728872,73.5671399898698,69.7910137068525,68.2445252053775,66.6980367039024,65.1515482024273,63.6050597009523,62.0585951704685,60.5121066689934,58.9656181675184,57.4191296660433,55.8726411645683,54.3261526630932,52.7796881326094,51.2331996311344,49.6867351006506,48.1402705701668,46.5937820686917,45.0472695962254,43.5007331527678,41.9541967093103,40.4078040918003,38.8612916193339,-61.1387083806661,-61.14
Denmark,DK,DNK,Index,100.0,100.724335944687,101.448994677228,102.173330621915,102.897666566602,103.62200251129,104.346661243831,105.070997188518,105.795333133205,106.824380812199,107.853428491193,108.882798958041,109.911846637035,110.940894316029,111.969941995023,112.998989674017,114.02803735301,115.057085032004,116.086132710998,118.819823047698,121.553513384398,124.287203721098,127.020894057798,129.754907182353,130.032827524766,130.410166526254,130.61029499582,130.806227223282,131.002482238598,31.00248223859799,31.0
Djibouti,DJ,DJI,Index,100.0,100.0,100.0,100.0,100.0,100.0,100.0,100.0,100.0,100.0,100.0,100.0,100.0,100.0,100.0,100.0,100.0,100.0,100.0,100.0,100.0,100.0,100.0,100.0,100.0,100.033134526176,100.033134526176,100.0,100.0,0.0,0.0
Dominican Rep.,DO,DOM,Index,100.0,102.260414635509,104.520829271018,106.781243906527,109.041658542037,111.302073177546,113.562487813055,115.822902448564,118.083317084073,118.68585105643,119.288385028787,119.890919001144,120.493452973501,121.095986945857,121.698520918214,122.301168920468,122.903702892824,123.506236865181,124.108770837538,124.474350685263,124.839816503091,125.205396350815,125.57097619854,125.936442016368,126.420726986201,126.905125985931,127.389410955764,127.873695925598,128.358094925328,28.358094925328004,28.36
Ecuador,EC,ECU,Index,100.0,99.376059710124,98.752119420248,98.1281791303719,97.5042388404959,96.8802985506199,96.2563582607439,95.6324242323111,95.008483942435,94.5225145530028,94.0365514250137,93.5505882970246,93.0646189075923,92.5786557796032,92.0926926516141,91.606729523625,91.1207601341928,90.6347970062037,90.1488338782145,89.859580249129,89.5703328814867,89.2810855138444,88.9918318847589,88.7025845171166,88.2578655153459,87.8131465135752,87.3684275118045,86.923714771477,86.4789957697064,-13.521004230293599,-13.52
"Egypt, Arab Rep. of",EG,EGY,Index,100.0,103.28418822283,106.568376445661,109.852564668491,113.136752891322,116.420941114152,119.705129336982,122.989317559813,126.273505782643,127.644860363144,129.016214943645,130.387569524146,131.758924104647,133.130278685148,134.501633265648,135.872987846149,137.24434242665,138.615697007151,139.987051587652,132.641770401106,125.299432035549,117.954150849004,110.608869662458,103.263588475913,95.9271357523322,95.9271357523322,95.9271357523322,95.9271357523322,95.9271357523322,-4.072864247667795,-4.07
El Salvador,SV,SLV,Index,100.0,99.3661755315375,98.732351063075,98.0983115930967,97.4644871246342,96.830447654656,96.1966231861935,95.562798717731,94.9287592477527,94.2949347792902,93.6608953093119,93.0270708408494,92.3932463723869,91.7592069024087,91.1253824339462,90.4913429639679,89.8575184955054,89.2236940270429,88.5896545570646,87.9558300886021,87.3217906186239,86.6879661501614,86.0541416816989,85.4201022117206,84.7862777432581,84.1522382732798,83.5184138048173,82.8845893363548,82.2505498663766,-17.749450133623398,-17.75
"Equatorial Guinea, Rep. of",GQ,GNQ,Index,100.0,99.6884822522551,99.376934685639,99.0653871190229,98.7538395524068,98.4422919857907,98.1307444191746,97.8191968525585,97.5076492859424,97.1961017193263,96.8845541527102,96.5730065860941,96.261459019478,95.9499412717331,95.638393705117,95.3268461385009,95.0152985718848,94.7037510052687,94.3922034386526,94.0806260531653,93.7690486676779,93.4574414633194,93.145864077832,92.8342866923447,92.5226198502437,92.2109828270139,91.8993159849129,91.5876491428118,91.276012119582,-8.723987880417994,-8.72
"Eritrea, The State of",ER,ERI,Index,100.0,99.6204072899308,99.3832351663474,99.146063042764,98.909093803803,98.6719216802196,98.4349524412585,98.1977803176751,97.9606081940917,97.7102485700524,97.4600918306355,97.2097322065962,96.9593725825569,96.7090129585176,96.4588562191007,96.2084965950614,95.9581369710221,95.7077773469828,95.4576206075659,95.2494609849855,95.0415042470274,94.8335475090693,94.6255907711112,94.4176340331531,94.1605792165747,93.9467388245671,93.6464695834178,93.4107176521912,93.196065721694,-6.803934278306002,-6.8
"Estonia, Rep. of",EE,EST,Index,100.0,100.786722642206,101.573445284413,102.360243297633,103.146965939839,103.933763953059,104.720486595265,105.507209237471,106.294007250692,107.079071730594,107.86421158151,108.649276061412,109.434415912328,110.219480392231,111.004620243147,111.789684723049,112.574824573965,113.359889053868,114.145028904784,115.931774158294,117.718519411805,119.505189294301,121.291934547812,123.078679801322,123.273363130007,123.66868409747,123.66868409747,123.66868409747,123.66868409747,23.668684097470006,23.67
Eswatini,SZ,SWZ,Index,100.0,100.162811175726,100.325163728422,100.487974904148,100.650327456844,100.812680009539,100.975491185265,101.137843737961,101.300654913687,101.462548843353,101.624901396049,101.786795325714,101.94914787841,102.111041808075,102.272935737741,102.435288290437,102.597182220102,102.759534772798,102.921428702464,103.088826108492,103.25622351452,103.423162297518,103.590559703546,103.757498486544,103.902423364092,104.066610408908,104.230797453725,104.394525875511,104.557795674268,4.557795674267993,4.56
"Ethiopia, The Federal Dem. Rep. of",ET,ETH,Index,100.0,99.6204072899308,99.2357408001213,98.8510815278608,98.4664150380513,98.0817557657908,97.6970892759813,97.3124227861719,96.9277635139113,96.4533828904271,95.9790094844917,95.5046360785564,95.0302626726211,94.5558820491368,94.0815086432015,93.6071352372662,93.1327546137819,92.6583812078466,92.1840078019113,91.7002227121214,91.2164376223316,90.7326525325417,90.2488674427519,89.765082352962,89.2764326351676,88.788735633837,88.3019841314212,87.8161853454692,87.3190117023433,-12.680988297656697,-12.68
Euro Area,U2,EMU,Index,100.0,101.29443155129,101.829408968567,102.364387271064,102.899364467036,103.434343212144,103.969321514642,104.504298710613,105.186760104404,105.994242555107,106.801725227115,107.609207456513,108.416690349826,109.22417324314,110.031655693843,110.83913748063,111.646620373943,112.454103267257,113.261585275349,114.143028585144,115.024470124497,115.905912549071,116.78735430973,117.668797398219,118.416883527128,118.987158458618,119.542297000194,120.088553679193,120.656934016934,20.656934016934002,20.66
"Fiji, Rep. of",FJ,FJI,Index,100.0,100.633696222202,101.267392444405,101.901088666607,102.534784888809,103.168481111012,103.802177333214,104.435873555416,105.069569777619,105.704493753365,106.339417729112,106.974341704859,107.609265680605,108.244189656352,108.879113632098,109.514037607845,110.148961583592,110.783885559338,111.418809535085,112.05364581415,112.688482093215,113.323318372279,113.958154651344,114.592990930409,115.226160972521,115.848719716143,116.490308639702,117.121373961452,117.761735131466,17.761735131465997,17.76
Finland,FI,FIN,Index,100.0,101.552597564556,103.105195129113,104.65779269367,106.210390258226,107.762987822783,109.315585387339,110.868182951896,112.420780516452,113.323025549831,114.225270583209,115.127500047486,116.029745080864,116.931990114243,117.834235147622,118.736464611898,119.638709645277,120.540954678655,121.443184142932,124.039861260618,126.636538378304,129.233199926887,131.829877044573,134.426554162259,134.426554162259,134.426554162259,134.426554162259,134.426554162259,134.426554162259,34.42655416225901,34.43
France,FR,FRA,Index,100.0,100.845178342376,101.69034649009,102.535514637803,103.380682785516,104.22585093323,105.071029275606,105.916197423319,106.761365571033,108.756359175921,110.751362975471,112.746356580359,114.741350185247,116.736343790135,118.731347589686,120.726341194574,122.721334799462,124.716338599013,126.711332203901,128.556423483855,130.401514763809,132.2465958491,134.091687129054,135.936778409009,137.817581593495,139.710281949717,141.614889672337,143.531394566693,145.283918306495,45.283918306494996,45.28
French Polynesia,PF,PYF,Index,100.0,100.250709555345,100.502207505519,100.752917060864,101.003626616209,101.255124566383,101.505834121728,101.757332071902,102.008041627247,102.067959634185,102.128666035951,102.188584042889,102.248502049827,102.308420056764,102.36912645853,102.429044465468,102.488962472406,102.548880479344,102.60958688111,102.60958688111,102.60958688111,102.60958688111,102.60958688111,102.60958688111,102.60958688111,102.60958688111,102.60958688111,102.60958688111,102.60958688111,2.6095868811100047,2.61
Gabon,GA,GAB,Index,100.0,99.9740551916655,99.948107147107,99.9221623387725,99.8962175304381,99.8702694858795,99.8443246775451,99.8183766329865,99.7924318246521,99.7711309978518,99.7498269348275,99.7285261080273,99.7072252812271,99.6859244544268,99.6646203914025,99.6433195646023,99.6220187378021,99.6007179110018,99.5794138479775,99.5293850601464,99.4793530360911,99.4293210120359,99.3792922242047,99.3292602001494,99.2792378847664,99.2292155693834,99.1791932540003,99.1291709386173,99.0791486232342,-0.9208513767657962,-0.92
"Gambia, The",GM,GMB,Index,100.0,98.5780913420683,97.1561826841367,95.734274026205,94.3123653682733,92.8904567103417,91.46854805241,90.0466393944784,88.6247307365467,87.202822078615,85.7809134206834,84.3590047627517,82.9370961048201,81.5151874468884,80.0932787889568,78.6713701310251,77.2494614730934,75.8275528151618,74.4056441572301,72.9837354992984,71.5628149641311,70.1409063061995,68.7189976482678,67.2970889903361,65.8741922096401,64.4522835517085,63.0313630165412,61.6074781130808,60.1865575779135,-39.8134424220865,-39.81
Georgia,GE,GEO,Index,100.0,103.059174329954,106.11841006445,109.177645798947,112.2368201289,115.296055863397,118.355230193351,121.414465927847,124.473701662344,125.06257122927,125.651440796196,126.240310363122,126.829179930048,127.418049496974,128.0069190639,128.595788630826,129.184658197752,129.773527764678,130.362397331604,130.362397331604,130.362397331604,130.362397331604,130.362397331604,130.362397331604,130.362397331604,130.362397331604,130.362397331604,130.362397331604,130.362397331604,30.362397331604,30.36
Germany,DE,DEU,Index,100.0,101.845395303233,103.690779554937,105.53617485817,107.381570161403,109.226965464636,111.072360767869,112.917756071102,114.763140322806,115.613080235645,116.463020148484,117.312960061323,118.162899974162,119.012839887,119.862779799839,120.712719712678,121.562659625517,122.412599538356,123.262539451194,124.440124033516,125.617697564309,126.795271095103,127.972844625896,129.150429208218,130.33667818899,131.510317375589,132.683956562188,133.87020554296,135.043844729559,35.043844729559,35.04
Ghana,GH,GHA,Index,100.0,99.5470130156209,99.0940430282395,98.6410730408581,98.1881030534766,97.7351160690976,97.2821460817161,96.8291760943347,96.3761891099556,94.2557116710904,92.1352172352276,90.0147397963624,87.8942453604995,85.7737509246367,83.6532734857715,81.5327790499086,79.4123016110434,77.2918071751806,75.1713127393177,73.8127257201288,72.4541217039422,71.0955176877556,69.7369136715691,68.3783266523801,71.0436088569315,73.7061205508659,73.8542323883909,74.0296074101471,74.1781441726133,-25.8218558273867,-25.82
Greece,GR,GRC,Index,100.0,100.883465507516,101.766931015031,102.65053478006,103.534000287576,104.417465795091,105.300931302607,106.184396810123,107.067862317638,108.007875147936,108.947887978233,109.88790080853,110.827913638827,111.767926469124,112.707939299422,113.647952129719,114.587964960016,115.527977790313,116.46799062061,116.46799062061,116.46799062061,116.46799062061,116.46799062061,116.46799062061,116.46799062061,116.46799062061,116.46799062061,116.46799062061,116.46799062061,16.467990620609996,16.47
Grenada,GD,GRD,Index,100.0,100.0,100.0,100.0,100.0,100.0,100.0,100.0,100.0,100.0,100.0,100.0,100.0,100.0,100.0,100.0,100.0,100.0,100.0,100.0,100.0,100.0,100.0,100.0,100.0,100.0,100.0,100.0,100.0,0.0,0.0
Guadeloupe,GP,GLP,Index,100.0,99.8774377761017,99.7548755522034,99.6323133283051,99.5104245232195,99.3878622993212,99.2653000754229,99.1427378515246,99.0201756276263,98.9225298997953,98.8248841719642,98.7265650253205,98.6289192974895,98.5306001508458,98.4329544230147,98.3346352763711,98.23698954854,98.139343820709,98.0410246740653,97.5123909061523,97.6942139855619,97.8767104837841,98.0592069820063,98.2410300614158,98.1595463850878,98.0773892899472,97.9965790324318,97.9150953561038,97.8329382609633,-2.167061739036697,-2.17
Guam,GU,GUM,Index,100.0,100.0,100.0,100.0,100.0,100.0,100.0,100.0,100.0,100.0,100.0,100.0,100.0,100.0,100.0,100.0,100.0,100.0,100.0,100.0,100.0,100.0,100.0,100.0,112.0,112.0,112.0,112.0,112.0,12.0,12.0
Guatemala,GT,GTM,Index,100.0,98.7743029503021,97.5486337725582,96.3229645948143,95.0972675451163,93.8715983673724,92.6459291896285,91.4202321399306,90.1945629621867,89.1518731625414,88.1091833628962,87.066521435205,86.0238316355597,84.9811418359145,83.9384520362692,82.895762236624,81.8530724369787,80.8104105092875,79.7677207096422,79.1814620289222,78.5951754762481,78.008916795528,77.4226302428539,76.8363715621338,76.5878094762414,76.339247390349,76.0906853044565,75.8421232185641,75.5935611326716,-24.406438867328404,-24.41
"Guiana, French",GF,GUF,Index,100.0,99.9438625615583,99.8877251231167,99.831587684675,99.7754502462333,99.7193128077916,99.66317536935,99.6070379309083,99.5509062840108,99.4979947357179,99.4450889789693,99.3921774306764,99.3392716739277,99.2863601256348,99.2334543688862,99.1805428205933,99.1276370638446,99.0747255155517,99.021819758803,98.9811573266046,98.9404948944063,98.8998324622079,98.8591758215537,98.8185133893553,98.7762524909432,98.7339858009868,98.6917249025746,98.6494640041625,98.6071973142061,-1.392802685793896,-1.39
Guinea,GN,GIN,Index,100.0,99.5159506895278,99.0319195116388,98.5478702011665,98.0638390232775,97.5797897128053,97.0957585349163,96.611709224444,96.127678046555,95.6258588044753,95.1240395623955,94.6222203203157,94.1204010782359,93.6185818361562,93.1167625940764,92.6149433519966,92.1131241099168,91.611304867837,91.1094856257573,90.6055448714345,90.1016041171118,89.5976633627891,89.0937226084664,88.5897818541437,88.0351423969897,87.4805029398357,86.9144943529696,86.3599274261487,85.8053604993278,-14.194639500672196,-14.19
Guinea-Bissau,GW,GNB,Index,100.0,99.619039920443,99.2379858462944,98.8569317721458,98.4759716925888,98.0949176184402,97.7139575388832,97.3329034647346,96.9518493905861,96.570889311029,96.1898352368805,95.8088751573234,95.4278210831749,95.0467670090263,94.6658069294693,94.2847528553207,93.9037927757637,93.5227387016151,93.1416846274665,92.7607245479095,92.3797644683525,91.9988043887955,91.6178443092384,91.2368842296814,90.8561121393075,90.475246054342,90.0944739639681,89.7137018735942,89.3329297832203,-10.667070216779706,-10.67
Guyana,GY,GUY,Index,100.0,99.9796013942574,99.9592027885147,99.9388041827721,99.9184055770295,99.898008833833,99.8776102280904,99.8572116223477,99.8368130166051,99.8129295869633,99.7890461573214,99.7651627276795,99.7412792980376,99.7173958683958,99.6935124387539,99.669629009112,99.6457455794702,99.6218621498283,99.5979787201864,99.5351121990368,99.4722438153409,99.4093754316451,99.3465089104954,99.2836405267996,99.2341638501243,99.1846331596099,99.1351564829347,99.0856257924203,99.036149115745,-0.9638508842549953,-0.96
Haiti,HT,HTI,Index,100.0,99.9099491923864,99.8198983847729,99.7298475771593,99.6397967695458,99.5497459619322,99.4596951543186,99.3696443467051,99.2795935390915,99.189542731478,99.0999658754834,99.0103890194889,98.9208121634944,98.8307613558808,98.7411844998863,98.6516076438917,98.5620307878972,98.4724539319026,98.3824031242891,97.5406650489118,96.6984530219155,95.8567149465383,95.014502919542,94.1727648441647,93.3315007204065,92.5077728065519,91.700633199363,90.8773792371275,90.0711875331766,-9.928812466823402,-9.93
Honduras,HN,HND,Index,100.0,99.6983499176927,99.3967198201531,99.0950897226134,98.7934596250738,98.4918295275341,98.1901994299945,97.8885693324548,97.5869392349151,97.2949617801312,97.0029843253472,96.7110268553309,96.4190494005469,96.1270719457629,95.835094490979,95.5431370209626,95.2511595661787,94.9591821113947,94.6672246413783,94.3457496696018,94.0242946825929,93.702839695584,93.3813847085751,93.0599297215662,92.7607577504426,92.4592875310438,92.1576774182718,91.8560473207321,91.5544372079601,-8.445562792039894,-8.45
Hungary,HU,HUN,Index,100.0,101.073745846606,102.147491693212,103.221237539818,104.294983386423,105.368729233029,106.442475079635,107.516220926241,108.589966772847,109.46329636307,110.336531905309,111.209861495532,112.083191085756,112.956426627994,113.829756218218,114.702991760456,115.57632135068,116.449650940903,117.322886483141,118.434157475827,119.545522516498,120.656793509184,121.76806450187,122.879335494556,123.993898166723,125.163572958195,125.874199534086,126.77085302463,127.704091181403,27.704091181403,27.7
Iceland,IS,ISL,Index,100.0,102.496595551521,104.993191103041,107.489786654562,109.986382206083,112.482977757603,114.979573309124,117.476168860645,119.972764412165,127.780299591466,135.587834770767,143.395369950068,151.202905129369,159.055832955061,166.863368134362,174.670903313663,182.478438492964,190.285973672265,198.093508851566,212.755333635951,227.371765773945,242.03359055833,256.650022696323,271.311847480708,286.019064911484,300.590104403087,315.524285065819,329.959146618248,344.757149341807,244.757149341807,244.76
India,IN,IND,Index,100.0,102.647276309179,105.294556886968,107.941833196147,110.589109505327,113.236390083115,115.883666392295,118.530946970083,121.178223279263,121.193436603232,121.20865419581,121.22386751978,121.239085112358,121.254298436327,121.269511760296,121.284729352875,121.299942676844,121.315160269423,121.330373593392,122.158274658807,122.986175724222,123.814081058246,124.641982123661,125.469883189076,125.941803571998,126.41372395492,126.885644337841,127.357564720763,127.829485103684,27.829485103683993,27.83
Indonesia,ID,IDN,Index,100.0,99.4152114722115,98.8304229444229,98.2456344166344,97.6608458888458,97.0760573610573,96.4912688332687,95.9064803054802,95.3216917776916,95.2043407257581,95.0869896738246,94.9696386218911,94.852288475451,94.7349374235175,94.617586371584,94.5002353196504,94.3828842677169,94.2655332157834,94.1481821638498,93.2679809095892,92.3877787498351,91.507576590081,90.6273744303269,89.7471731760663,89.9516390410259,88.7289828620505,88.157103049579,87.5852123711854,87.0133325587138,-12.986667441286201,-12.99
Iran,IR,IRN,Index,100.0,100.769727720415,101.539441615951,102.309155511488,103.078883231903,103.848597127439,104.618324847854,105.38803874339,106.157752638927,107.826913083132,109.496073527336,111.165220146663,112.834380590867,114.503541035071,116.172687654398,117.841848098602,119.510994717929,121.180155162133,122.849315606338,122.849315606338,122.849315606338,122.849315606338,122.849315606338,122.849315606338,122.84699302687,122.841020679667,122.836790267065,122.846813303459,122.838808699221,22.838808699221005,22.84
Iraq,IQ,IRQ,Index,100.0,100.145241876138,100.290096440606,100.435338316743,100.580580192881,100.725434757349,100.870676633487,101.015918509625,101.160773074093,101.21538401952,101.269994964948,101.324605910376,101.379216855804,101.433827801232,101.488438746659,101.543049692087,101.597660637515,101.652271582943,101.70726984004,101.617800844339,101.528331848639,101.438475541268,101.349006545567,101.259537549866,100.748673457531,100.269181610442,99.725783337852,99.2149192455169,98.6393741043418,-1.3606258956582025,-1.36
Ireland,IE,IRL,Index,100.0,103.675620293884,107.351617265396,111.02723755928,114.702857853164,118.378854824675,122.054475118559,125.730472090071,129.406092383955,132.724998964137,136.04352886669,139.362435446872,142.680965349425,145.999871929607,149.31840183216,152.637308412341,155.956214992523,159.274744895076,162.593651475258,166.028951442487,169.464251409716,172.899928054573,176.335228021802,179.770527989031,184.270695610576,186.704786442619,190.386056900922,195.38494570192,199.74762598925,99.74762598925,99.75
Israel,IL,ISR,Index,100.0,101.113141717893,102.209669380296,103.306197042698,104.4027247051,105.499252367503,106.595780029905,107.692307692308,108.78883535471,109.121116464529,109.453397574348,109.769064628676,110.101345738495,110.433626848314,110.749293902642,111.081575012461,111.413856122279,111.746137232098,112.061804286426,114.105333111813,116.148861937199,118.175776707094,120.21930553248,122.262834357867,103.738162485463,103.738162485463,103.738162485463,103.738162485463,103.738162485463,3.7381624854629933,3.74
Italy,IT,ITA,Index,100.0,102.297377751148,104.594779354799,106.892180958451,109.189558709599,111.48696031325,113.784361916902,116.081763520553,118.379141271701,120.689160849836,122.999180427971,125.309176153602,127.619195731738,129.929215309873,132.239211035504,134.549230613639,136.859250191774,139.169269769909,141.479265495541,143.786112690677,146.09293603331,148.399783228446,150.706630423582,153.013453766215,153.899073377934,154.784692989654,155.670312601373,156.555932213093,157.441551824812,57.441551824811995,57.44
Jamaica,JM,JAM,Index,100.0,99.9021079827429,99.8042159654858,99.7063239482288,99.6084319309717,99.5103333904714,99.4124413732143,99.3145493559573,99.2166573387002,100.734809699158,102.253168582858,103.771320943316,105.289473303773,106.80762566423,108.325984547931,109.844136908388,111.362289268846,112.880441629303,114.398800513004,114.421518069751,114.444235626499,114.466953183246,114.489670739993,114.512388296741,114.573519176716,114.602845477244,114.67120467073,114.716020214495,114.790575105275,14.790575105274996,14.79
Japan,JP,JPN,Index,100.0,101.849981037023,103.699962074046,105.549943111069,107.399924148092,109.249905185116,111.099886222139,112.949867259162,114.799848296185,117.145686006666,119.491523717146,121.837361427627,124.183199138108,126.529036848588,128.874874559069,131.220712269549,133.56654998003,135.912387690511,138.258225400991,139.489644200853,140.721063000715,141.952481800577,143.183900600438,144.4153194003,146.484801090119,148.547654128727,148.547654128727,148.547654128727,148.547654128727,48.547654128727004,48.55
Jordan,JO,JOR,Index,100.0,100.0,100.0,100.0,100.0,100.0,100.0,100.0,100.0,100.0,100.0,100.0,100.0,100.0,100.0,100.0,100.0,100.0,100.0,100.0,100.0,100.0,100.0,100.0,100.0,100.0,100.0,100.0,100.0,0.0,0.0
"Kazakhstan, Rep. of",KZ,KAZ,Index,100.0,100.150238854996,100.300544691203,100.45085052741,100.601089382406,100.751395218613,100.90163407361,101.051939909816,101.202245746023,101.478744182682,101.75524261934,102.031741055999,102.308239492658,102.584737929316,102.861236365975,103.137734802633,103.414233239292,103.690798657161,103.967297093819,105.768622785936,107.569948478053,109.37127417017,111.172599862287,112.973925554403,112.966825546098,112.964481203733,115.697180626891,115.706624977561,115.699324025624,15.699324025623994,15.7
Kenya,KE,KEN,Index,100.0,100.264627647419,100.529255294838,100.793882942257,101.058510589676,101.323138237095,101.587765884514,101.852393531934,102.117021179353,101.226441087866,100.335860996379,99.4452809048921,98.5547008134052,97.6641424858502,96.7735623943633,95.8829823028765,94.9924022113896,94.1018221199027,93.2112420284159,92.7255145972867,92.2397654022257,91.7540162071648,91.2682887760357,90.7825395809747,91.5521122113504,92.3140239377134,93.0759356640763,93.0759356640763,93.0759356640763,-6.924064335923703,-6.92
"Korea, Dem. People's Rep. of",KP,PRK,Index,100.0,99.3611542629486,98.7222712992941,98.0833883356395,97.444505371985,96.8056224083304,96.1667766712791,95.5278937076245,94.8890107439699,94.7233151332471,94.5576195225242,94.3919239118012,94.2262283010784,94.0605326903554,93.8948370796326,93.7291414689096,93.5634458581868,93.3977502474638,93.232054636741,92.9149584309136,92.5978994516894,92.280803245862,91.9637442666378,91.6466480608104,91.2840609459057,90.9671508730942,90.6502408002826,90.333293500868,90.0163834280564,-9.9836165719436,-9.98
"Korea, Rep. of",KR,KOR,Index,100.0,107.335890205355,114.671780410709,122.007670616064,129.343560821419,136.679451026774,144.015341232128,151.351231437483,158.687185025882,169.079595793648,179.472069944457,189.864480712223,200.256954863032,210.649365630798,221.041839781607,231.434250549373,241.826724700182,252.219135467947,262.611609618757,271.334130692035,280.056715148358,288.779236221635,297.501757294913,306.224341751235,314.464200939463,324.516625055698,330.598925403861,338.336600729285,345.808954629783,245.808954629783,245.81
Kyrgyz Rep.,KG,KGZ,Index,100.0,100.847413853348,101.695131548163,102.542849242979,103.390263096327,104.237980791142,105.085698485958,105.933112339306,106.780830034121,106.788426070813,106.796022107505,106.803921985665,106.811518022357,106.819114059049,106.82671009574,106.8346099739,106.842206010592,106.849802047284,106.857398083976,107.470246324278,108.08309456458,108.695942804882,109.308791045184,109.921639285486,112.142720414197,114.069986843664,117.002360848204,120.208192173651,123.457168987509,23.457168987508993,23.46
Lao People's Dem. Rep.,LA,LAO,Index,100.0,99.7646279118627,99.5292640403033,99.293891952166,99.0585280806066,98.8231559924694,98.5877921209099,98.3524200327726,98.1170561612132,97.8442411279652,97.5714260947173,97.2986110614693,97.0257960282213,96.7529892115512,96.4801741783032,96.2073591450552,95.9345441118073,95.6617290785593,95.3889222618891,95.1946577125688,95.0003931632485,94.8061286139282,94.6118640646079,94.4175995152876,94.2233431825452,94.0290786332249,93.8348140839046,93.6405495345843,93.446284985264,-6.5537150147359995,-6.55
Latvia,LV,LVA,Index,100.0,102.066186561264,104.132373122528,106.198559683792,108.264746245056,110.33093280632,112.397119367584,114.463305928848,116.529492490112,118.762958875062,120.996425260012,123.229891644962,125.463358029912,127.696824414862,129.930290799812,132.163757184762,134.397223569712,136.630689954662,138.864156339612,139.561956511293,140.259756682973,140.957506271096,141.655306442777,142.353106614458,143.099467001058,143.7783995059,144.492942835016,145.191501760055,145.891274690467,45.891274690466986,45.89
Lebanon,LB,LBN,Index,100.0,99.9283550315238,99.8567100630476,99.7850650945714,99.7113731269958,99.6397281585196,99.5680831900434,99.4964382215672,99.4227462539916,99.3838532711046,99.3429132891182,99.3040203062311,99.2630803242446,99.2221403422582,99.1832473593712,99.1423073773848,99.1034143944977,99.0624744125113,99.0235814296242,99.4473102431835,99.8710390567428,100.294767870302,100.718496683861,101.142225497421,101.574142307377,102.036764103824,102.46868091378,102.902644722836,103.334561532793,3.3345615327930034,3.33
Lesotho,LS,LSO,Index,100.0,100.0,100.0,100.0,100.0,100.0,100.0,100.0,100.0,100.0,100.0,100.0,100.0,100.0,100.0,100.0,100.0,100.0,100.0,100.0,100.0,100.0,100.0,100.0,100.0,100.0,100.0,100.0,100.0,0.0,0.0
Liberia,LR,LBR,Index,100.0,99.6425186487552,99.2850372975105,98.9275559462657,98.5700647263882,98.2125833751434,97.8551020238987,97.4976206726539,97.1401294527764,96.7826481015316,96.4251667502869,96.0676853990421,95.7101941791646,95.3527128279199,94.9952314766751,94.6377501254303,94.2802589055528,93.9227775543081,93.5652962030633,93.2078148518185,92.8503236319411,92.4928422806963,92.1353609294515,91.7778795782068,91.4203883583293,91.0629070070845,90.7054256558397,90.347944304595,89.9904530847175,-10.009546915282499,-10.01
Libya,LY,LBY,Index,100.0,100.0,100.0,100.0,100.0,100.0,100.0,100.0,100.0,100.0,100.0,100.0,100.0,100.0,100.0,100.0,100.0,100.0,100.0,100.0,100.0,100.0,100.0,100.0,100.0,100.0,100.0,100.0,100.0,0.0,0.0
Liechtenstein,LI,LIE,Index,100.0,99.4016021619535,98.81285590194,98.2144580638934,97.6257118038799,97.0273139658334,96.4385677058199,95.8401698677734,95.2417720297269,94.4792973651192,93.7071711224785,92.9350448798378,92.1725702152302,91.4004439725895,90.6283177299488,89.8561914873082,89.0937168227005,88.3215905800598,87.5494643374192,87.5591159154522,87.5591159154522,87.5591159154522,87.5591159154522,87.5591159154522,87.5591159154522,87.5591159154522,87.5591159154522,87.5591159154522,87.5591159154522,-12.440884084547804,-12.44
Lithuania,LT,LTU,Index,100.0,100.853181239401,101.706289131034,102.559397022667,103.412578262069,104.265686153702,105.118867393103,105.971975284736,106.825156524137,107.777577293878,108.729998063619,109.68241883336,110.634839603101,111.587260372841,112.539681142582,113.492101912323,114.444522682064,115.396943451805,116.349364221545,118.520751550572,120.692138879598,122.863599556393,125.034986885419,127.206374214445,128.665921453342,129.662717622828,130.586899501822,131.673913426162,132.540957393748,32.54095739374799,32.54
Luxembourg,LU,LUX,Index,100.0,102.292886405165,104.585772810331,106.878481637553,109.171368042718,111.46407686994,113.756963275106,116.049849680271,118.342558507493,120.765014895655,123.189183267131,125.611639655293,128.035808026768,130.45826441493,132.882432786406,135.304889174568,137.729057546044,140.151513934206,142.573970322368,143.707303275699,144.84063622903,145.973969182361,147.105590152379,148.23892310571,148.042045024693,149.620493639453,151.185246387708,152.763695002468,154.768427462212,54.768427462212,54.77
"Madagascar, Rep. of",MG,MDG,Index,100.0,99.5112547156848,99.0225094313695,98.5337717516176,98.0450264673024,97.5562811829872,97.0675358986719,96.5787906143567,96.0900529346048,95.7444331364588,95.3988133383128,95.0531935401668,94.7075737420208,94.3619539438748,94.0163341457288,93.6707219521462,93.3251021540001,92.9794823558542,92.6338625577082,92.5363948696878,92.4389195771041,92.3414518890838,92.2439765965001,92.1465089084798,92.0490944524026,91.9516039506923,91.8541210535453,91.7567065974682,91.6592237003212,-8.340776299678794,-8.34
Malawi,MW,MWI,Index,100.0,98.7711031386018,97.5422062772036,96.3133094158055,95.0844125544073,93.8555156930091,92.6266188316109,91.3977219702127,90.1688251088145,88.9399282474164,87.7110313860182,86.48213452462,85.2532376632218,84.0243408018237,82.7954439404255,81.5665470790273,80.3376502176291,79.1087533562309,77.8798564948328,76.6509596334346,75.4220627720364,74.1931659106382,72.96426904924,71.7353721878418,70.5064753264436,69.2775784650455,68.0486816036473,66.8197847422491,65.5908878808509,-34.4091121191491,-34.41
Malaysia,MY,MYS,Index,100.0,99.1497787745417,98.2995575490835,97.4493363236252,96.5991150981669,95.7488938727086,94.8986726472504,94.0484514217921,93.1982301963338,92.4599212330556,91.7216122697773,90.9833072654725,90.2449983021942,89.506689338916,88.7683843346112,88.0300753713329,87.2917664080546,86.5534574447764,85.8151524404716,87.5052105039643,89.1952725264304,90.8853345488966,92.5753965713627,94.2654546348554,93.5180994171876,93.2752797380965,93.0400692060235,92.7972336910385,92.5543942170799,-7.445605782920097,-7.45
Maldives,MV,MDV,Index,100.0,100.0,100.0,100.0,100.0,100.0,100.0,100.0,100.0,100.0,100.0,100.0,100.0,100.0,100.0,100.0,100.0,100.0,100.0,100.0,100.0,100.0,100.0,100.0,100.0,100.0,100.0,100.0,100.0,0.0,0.0
Mali,ML,MLI,Index,100.0,100.0,100.0,100.0,100.0,100.0,100.0,100.0,100.0,100.0,100.0,100.0,100.0,100.0,100.0,100.0,100.0,100.0,100.0,100.0,100.0,100.0,100.0,100.0,100.0,100.0,100.0,100.0,100.0,0.0,0.0
"Marshall Islands, Rep. of the",MH,MHL,Index,100.0,100.0,100.0,100.0,100.0,100.0,100.0,100.0,100.0,100.0,100.0,100.0,100.0,100.0,100.0,100.0,100.0,100.0,100.0,100.0,100.0,100.0,100.0,100.0,100.0,100.0,100.0,100.0,100.0,0.0,0.0
Martinique,MQ,MTQ,Index,100.0,100.187421907539,100.374843815077,100.562265722616,100.749687630154,100.937109537693,101.124531445231,101.31195335277,101.499375260308,101.822157434402,102.144939608496,102.467721782591,102.790503956685,103.113286130779,103.436068304873,103.758850478967,104.081632653061,104.404414827155,104.727197001249,105.143690129113,105.560183256976,105.97667638484,106.393169512703,106.809662640566,107.22615576843,107.640335045583,108.059142024157,108.47563515202,108.892128279883,8.892128279882996,8.89
Mauritania,MR,MRT,Index,100.0,99.0905208150139,98.1810416300279,97.2723999028549,96.3629207178688,95.4534415328828,94.5439623478967,93.6344831629107,92.7258414357377,91.82138699763,90.9169325595223,90.0133155792277,89.10886114112,88.2044067030124,87.3007897227177,86.39633528461,85.4918808465024,84.5882638662077,83.6838094281001,82.7801924478055,81.8765754675108,80.9729584872162,80.0693415069216,79.165724526627,96.8134730212966,95.4995017126012,94.2022795601672,92.8707216373975,91.527439305245,-8.472560694755003,-8.47
Mauritius,MU,MUS,Index,100.0,100.210007000233,100.420014000467,100.626687556252,100.836694556485,101.04336811227,101.253375112504,101.460048668289,101.670055668522,100.900030001,100.133337777926,99.3633121104037,98.5932864428814,97.8265942198073,97.0565685522851,96.2865428847628,95.5198506616887,94.7498249941665,93.9831327710924,93.9364645488183,93.8897963265442,93.8431281042701,93.7964598819961,93.749791659722,93.7131237707924,94.5931531051035,94.6898229940998,94.7898263275443,94.8864962165406,-5.113503783459393,-5.11
Mexico,MX,MEX,Index,100.0,99.6849190837162,99.3698329893536,99.0547468949909,98.7396659787071,98.4245798843445,98.1094989680607,97.7944128736981,97.4793319574142,98.4217060506161,99.364080143818,100.30645423702,101.248828330222,102.191202423424,103.133576516626,104.075950609828,105.018329881108,105.96070397431,106.903078067512,106.707486497383,106.511894927254,106.316303357125,106.120711786995,105.925125394945,105.721098734467,105.517061717832,105.313024701196,105.109003218797,104.904961024083,4.9049610240829935,4.9
"Micronesia, Federated States of",FM,FSM,Index,100.0,100.039058444287,100.078116888575,100.117669743549,100.156728187837,100.196281042811,100.235339487098,100.274892342073,100.31395078636,100.353998052022,100.393550906996,100.433598172658,100.47364543832,100.513198293294,100.553245558956,100.593292824618,100.632845679592,100.672892945254,100.712940210916,100.751998655203,100.791551510177,100.831104365152,100.870657220126,100.910210075101,100.95767350107,101.004642516353,101.051611531635,101.098580546917,101.146043972887,1.146043972887,1.15
"Moldova, Rep. of",MD,MDA,Index,100.0,100.577031736746,101.154063473491,101.731595237738,102.308626974484,102.885658711229,103.462690447975,104.040222212222,104.617253948967,106.141837801079,107.666921680692,109.191505532804,110.716589412418,112.24117326453,113.766257144143,115.290840996255,116.815924875868,118.34050872798,119.865092580092,120.627134492397,121.388676377201,122.150718289506,122.91226017431,123.674302086615,123.706303846712,123.706303846712,123.706303846712,123.706303846712,123.706303846712,23.706303846712004,23.71
Mongolia,MN,MNG,Index,100.0,99.938546215522,99.877092431044,99.8156201419636,99.7541663574856,99.6926940684052,99.6312402839272,99.5697864994492,99.5083142103688,99.4525043296143,99.3966944488598,99.3408845681054,99.2850746873509,99.2292648065964,99.1734549258419,99.1176450450874,99.0618351643329,99.0060252835784,98.9502154028239,98.9424434698276,98.9346715368313,98.926899603835,98.9191276708387,98.9113557378423,98.9036208140508,98.8958673856568,98.8881324618653,98.8803975380737,98.8726441096797,-1.1273558903203025,-1.13
Montenegro,ME,MNE,Index,100.0,100.510820580401,101.021641160802,101.532518765158,102.043339345559,102.554216949914,103.065037530315,103.575858110717,104.086735715072,110.268930669706,116.451182648295,122.63337760293,128.815629581518,134.997881560107,141.180076514742,144.981127551059,148.781843486342,152.582894522659,156.383610457942,156.383610457942,156.383610457942,156.383610457942,156.383610457942,156.383610457942,156.383610457942,156.383610457942,156.383610457942,156.383610457942,156.383610457942,56.38361045794201,56.38
Morocco,MA,MAR,Index,100.0,101.09293330888,102.185784743964,103.278636179048,104.371487614132,105.464339049216,106.5571904843,107.650041919384,108.742893354468,109.753052255132,110.763211155796,111.77337005646,112.783447083328,113.793605983992,114.803764884656,115.81392378532,116.824000812188,117.834159712852,118.844318613516,119.166000759789,119.487601032265,119.809283178537,120.130883451013,120.452565597286,120.865864521792,121.303070594862,121.749692154525,122.160862360323,122.61755439695,22.61755439695,22.62
"Mozambique, Rep. of",MZ,MOZ,Index,100.0,99.4899852535734,98.9799705071468,98.4699596279254,97.9599448814988,97.4499301350722,96.9399153886456,96.429900642219,95.9198897629976,95.4038537781898,94.8878139261769,94.3717779413692,93.8557419565614,93.3397059717536,92.8236699869459,92.3076340021381,91.7915980173303,91.2755620325226,90.7595260477148,90.2787899112972,89.7980537748795,89.3173176384618,88.8365815020441,88.3558453656265,87.6299245570155,87.11364880549,86.6887937831429,86.0878185049478,85.570003605782,-14.429996394217994,-14.43
Myanmar,MM,MMR,Index,100.0,98.8667793884992,97.7335621802983,96.6003415687974,95.4671209572965,94.3339037490957,93.2006831375948,92.0674625260939,90.9342453178931,89.9687801681271,89.0033150183611,88.0378498685952,87.0723847188292,86.1069195690633,85.1414544192973,84.1759892695314,83.2105241197654,82.2450623732994,81.2795972235335,80.4694042312412,79.6592112389489,78.8490182466566,78.0388286576643,77.228635665372,76.4422147233154,75.6565867501501,74.8915657582556,74.1367546662476,73.3724245442454,-26.627575455754595,-26.63
Nepal,NP,NPL,Index,100.0,100.191008787739,100.382017575477,100.573042635902,100.76405142364,100.955076484065,101.146085271803,101.337110332228,101.528119119967,101.846494220674,102.164853048696,102.483228149403,102.801586977425,103.119962078133,103.438320906154,103.756696006862,104.075054834883,104.393429935591,104.711788763613,104.711788763613,104.711788763613,104.711788763613,104.711788763613,104.711788763613,104.711788763613,104.711788763613,104.711788763613,104.711788763613,104.711788763613,4.711788763613001,4.71
Netherlands Antilles,AN,ANT,Index,100.0,100.0,100.0,100.0,100.0,100.0,100.0,100.0,100.0,100.0,100.0,100.0,100.0,100.0,100.0,100.0,100.0,100.0,100.0,,,,,,,,,,,,
"Netherlands, The",NL,NLD,Index,100.0,102.096359453241,104.192718906483,106.287724996617,108.384084449858,110.480443903099,112.576803356341,114.671809446474,116.768168899716,119.699553390175,122.629584517526,125.560969007985,128.491000135336,131.422384625795,134.352415753147,137.283800243605,140.215184734064,143.145215861416,146.076600351874,148.075517661389,150.07578833401,152.074705643524,154.073622953038,156.07389362566,157.956421707944,159.851130058195,161.699824062796,163.609419407227,165.521721477872,65.521721477872,65.52
New Caledonia,NC,NCL,Index,100.0,100.080728061758,100.161456123515,100.242184185273,100.322912247031,100.403640308788,100.484368370546,100.565096432304,100.645824494061,100.659919869924,100.673872868252,100.687968244115,100.702063619977,100.71615899584,100.730111994168,100.744207370031,100.758302745893,100.772255744222,100.786351120084,100.774391407231,100.762289316844,100.750329603991,100.738369891138,100.726267800751,100.714308087898,100.702348375045,100.690246284658,100.678286571805,100.666184481418,0.666184481418,0.67
New Zealand,NZ,NZL,Index,100.0,100.447130060961,100.894266182073,101.341396243034,101.788532364145,102.235662425106,102.682798546218,103.129928607179,103.57705866814,103.973289520866,104.369520373591,104.765751226317,105.161982079043,105.558212931768,105.954443784494,106.35067463722,106.746905489945,107.143136342671,107.539361135246,107.834423827205,108.129486519164,108.424549211123,108.719611903082,109.014674595041,109.290720533167,109.461592550717,109.700489763223,109.899620264878,109.985353221052,9.985353221051994,9.99
Nicaragua,NI,NIC,Index,100.0,98.3869197281998,96.7738394563995,95.1607591845993,93.5476789127991,91.9345986409989,90.3215183691987,88.7084380973984,87.0953578255982,85.1416606790627,83.187933125736,81.2342359792005,79.2805084258739,77.3267808725472,75.3730837260117,73.419356172685,71.4656590261495,69.5119314728229,67.5582343262874,66.6529025258617,65.7475707254361,64.8422389250105,63.9369071245848,63.0316057309504,61.4185254591502,59.8054451873499,58.1923649155497,56.5792846437495,54.9662043719492,-45.0337956280508,-45.03
Niger,NE,NER,Index,100.0,96.4877379679023,92.9757030315004,89.4634409994027,85.9514060630009,82.4391440309032,78.9271090945013,75.4148470624036,71.9028121260018,71.1402247793198,70.3776374326377,69.6148229902599,68.8522356435778,68.0896482968958,67.3270609502138,66.5644736035318,65.8016591611539,65.0390718144719,64.2764844677899,63.5148055038913,62.7531265399927,61.9914475760941,61.2299957078913,60.4683167439927,59.6823385406376,58.9245202035686,58.1689728234581,57.3909429694579,56.615638263808,-43.384361736192,-43.38
Nigeria,NG,NGA,Index,100.0,99.3766839806416,98.7533679612833,98.1300569111602,97.5067408918018,96.8834298416787,96.2601138223203,95.6368027721972,95.0134867528388,94.3901707334805,93.7668497448869,93.1435337255286,92.5202177061702,91.8968967175767,91.2735806982183,90.65026467886,90.0269436902664,89.403627670908,88.7803116515497,88.1569906629561,87.5336746435977,86.9103586242394,86.2870376356458,85.6637216162875,85.0404205046348,84.4171293314525,83.7938381582702,83.1705420158528,82.5472458734353,-17.4527541265647,-17.45
Niue,NU,NIU,Index,100.0,99.9497949962346,99.8995899924692,99.8493849887039,99.7991799849385,99.7489749811731,99.6987699774077,99.6485649736424,99.5899924692494,99.5648899673667,99.5314199648565,99.4979499623462,99.464479959836,99.4310099573257,99.4059074554431,99.3724374529328,99.3389674504226,99.3054974479123,99.2803949460296,99.330599949795,99.3808049535604,99.4310099573257,99.4895824617187,99.5397874654841,99.5899924692494,99.6485649736424,99.6987699774077,99.7406074805455,99.7908124843109,-0.209187515689095,-0.21
North Macedonia,MK,MKD,Index,100.0,100.400989796829,100.801979593657,101.202969390486,101.604193958859,102.005183755687,102.406173552516,102.807163349345,103.208153146173,102.889802932766,102.571217947815,102.252867734408,101.934282749457,101.615932536049,101.297582322642,100.978997337691,100.660647124283,100.342062139332,100.023711925925,100.105647194715,100.187347691961,100.269282960751,100.351218229541,100.433153498331,100.508984706982,100.514384452489,100.514384452489,100.514384452489,100.514384452489,0.5143844524889971,0.51
Norway,NO,NOR,Index,100.0,101.303942077713,102.607854641787,103.911767205861,105.215679769935,106.519592334009,107.823504898083,109.127446975796,110.431359539871,112.364355315879,114.297351091887,116.230346867895,118.163342643903,120.096338419911,122.029334195919,123.962329971927,125.895325747935,127.828351037581,129.76134681359,131.385777495496,133.010208177403,134.63463885931,136.259069541216,137.883500223123,139.513863146437,141.146203483554,142.74463264964,144.380927814362,146.019200392886,46.019200392886006,46.02
Oman,OM,OMN,Index,100.0,100.0,100.0,100.0,100.0,100.0,100.0,100.0,100.0,100.0,100.0,100.0,100.0,100.0,100.0,100.0,100.0,100.0,100.0,100.0,100.0,100.0,100.0,100.0,94.4148936170213,91.6489361702128,88.8829787234042,86.1170212765957,86.1170212765957,-13.882978723404307,-13.88
Pakistan,PK,PAK,Index,100.0,99.0278678474356,98.0557799914242,97.0836478388598,96.1115156862954,95.1394278302839,94.1672956777195,93.1951635251551,92.2230313725907,91.3694810924593,90.5159308123279,89.6623805321965,88.8088302520651,87.9552799719337,87.1017296918023,86.2481794116709,85.3946291315395,84.5410788514081,83.6875285712767,83.0287502347717,82.3699718982668,81.7111492652088,81.0523709287038,80.3935925921988,79.0778963744157,78.7033690186364,77.8582793801317,77.013145445074,76.1680558065694,-23.8319441934306,-23.83
"Palau, Rep. of",PW,PLW,Index,100.0,100.372098517512,100.744197035025,101.116295552537,101.488394070049,101.860492587561,102.232591105074,102.604689622586,102.976788140098,103.231744531727,103.486700923356,103.741657314984,103.996613706613,104.251570098242,104.506526489871,104.761482881499,105.016439273128,105.271395664757,105.526352056386,105.749808044416,105.974248420058,106.197704408088,106.421160396118,106.64560077176,106.878900635914,107.087590809757,107.321875061524,107.529580847755,107.738271021597,7.738271021597001,7.74
Panama,PA,PAN,Index,100.0,99.6387392075591,99.2774526659527,98.9161918735119,98.5549053319055,98.1936445394646,97.8323579978582,97.4710714562518,97.1098106638109,96.8602755006217,96.610714588267,96.3611794250778,96.1116442618886,95.8620833495338,95.6125481863447,95.3630130231554,95.1134521108007,94.8639169476115,94.6143817844223,94.3647951229021,94.1152342105473,93.8656732981926,93.6161123858379,93.3665514734831,93.1171193069561,92.8674553979392,92.6180232314121,92.3683593223953,92.1189271558682,-7.881072844131793,-7.88
Papua New Guinea,PG,PNG,Index,100.0,99.9665390843838,99.9330781687677,99.8996172531515,99.8661563375354,99.8326954219192,99.7992345063031,99.7657765562914,99.7323156406753,99.705076563308,99.6778374859408,99.6505984085736,99.6233593312064,99.5961232194436,99.5688841420764,99.5416450647092,99.514405987342,99.4871669099747,99.459930798212,99.3750018164328,99.2900728346535,99.2051468184787,99.1202178366995,99.0352888549202,98.9403331643136,98.8481532795226,98.7559763603361,98.6637994411496,98.5716225219631,-1.428377478036893,-1.43
Paraguay,PY,PRY,Index,100.0,98.979744593046,97.9594891860919,96.9392337791379,95.9189783721838,94.8987229652298,93.8784675582758,92.8582121513217,91.837965644557,90.4712970673164,89.1046373902651,87.7379777132138,86.3713180361625,85.0046494589219,83.6379897818706,82.2713301048193,80.904670427768,79.5380018505274,78.1713421734761,76.5166456681532,74.8619491628304,73.2072526575075,71.5525472519953,69.8978507466725,69.2355431554162,67.6662973681428,66.5504984284046,65.4347439896131,64.3189450498749,-35.6810549501251,-35.68
Peru,PE,PER,Index,100.0,99.8490241187263,99.6980491649368,99.5470732836631,99.3960983298736,99.2451233760841,99.0941474948104,98.9431725410209,98.7921966597472,98.6284530307059,98.4647094016645,98.300964845139,98.1372212160976,97.9734775870563,97.8097330305308,97.6459894014894,97.4822457724481,97.3185012159225,97.1547575868812,96.9303314478012,96.7059053087212,96.4814791696412,96.2570530305612,96.0326268914812,95.7908874044731,95.5606283171357,95.3523580256777,95.1255890614589,94.8988321545349,-5.101167845465099,-5.1
Philippines,PH,PHL,Index,100.0,99.930094458304,99.8601995778162,99.7902940361202,99.7203884944242,99.6504936139363,99.5805880722403,99.5106825305444,99.4407876500565,99.3714897972238,99.3021919443911,99.2328940915584,99.1636068999339,99.0943090471012,99.0250111942685,98.9557133414359,98.8864154886032,98.8171282969786,98.7478304441459,98.6771892790891,98.6065481140323,98.5359069489755,98.4652657839186,98.3946246188618,98.3204226102902,98.2557517217851,98.185505021429,98.1099810230495,98.0366745559607,-1.9633254440392989,-1.96
"Poland, Rep. of",PL,POL,Index,100.0,101.499964558356,102.999929116712,104.499893675068,105.999858233424,107.49982279178,108.999787350135,110.499751908491,111.999716466847,116.754810585018,121.509904703189,126.264998821359,131.02009293953,135.775187057701,140.530281175871,145.285375294042,150.040469412213,154.795563530383,159.550657648554,161.802974130897,164.055290613239,166.307607095582,168.559923577925,170.812240060267,173.02837309666,175.195052676174,177.366677601375,179.543247872265,183.678793203776,83.678793203776,83.68
Portugal,PT,PRT,Index,100.0,99.6504140247517,99.3008280495033,98.951242074255,98.6016560990067,98.2520701237584,97.90248414851,97.5528981732617,97.2033121980134,97.1174312503368,97.0314380399835,96.9455570923069,96.8596761446302,96.7736829342769,96.6878019866003,96.6019210389237,96.5159278285704,96.4300468808938,96.3441659332172,96.6847708943294,97.0253758554416,97.3660930792305,97.7066980403427,98.0473030014549,98.0473030014549,98.0473030014549,98.0473030014549,98.0473030014549,98.0473030014549,-1.9526969985450933,-1.95
Puerto Rico,PR,PRI,Index,100.0,103.181176558571,106.361418301814,109.542594860385,112.723771418956,115.904947977527,119.086124536098,122.266366279342,125.447542837912,131.220027483571,136.991577313902,142.76406195956,148.536546605218,154.308096435549,160.080581081207,165.852130911538,171.624615557197,177.397100202855,183.168650033186,184.679311601993,186.1899731708,187.701569554934,189.212231123742,190.722892692549,197.52086975218,204.377740177428,211.248632832584,218.131678086994,225.028745571312,125.02874557131199,125.03
Romania,RO,ROU,Index,100.0,99.9921507064364,99.9843014128728,99.9764521193093,99.9686028257457,99.9607535321821,99.9529042386185,99.9450549450549,99.9372056514914,100.171114599686,100.405023547881,100.638932496075,100.87284144427,101.106750392465,101.340659340659,101.574568288854,101.808477237049,102.042386185243,102.276295133438,122.663448456306,143.050601779173,163.437755102041,183.82493458922,204.212087912088,212.585138670853,212.585138670853,212.585138670853,212.585138670853,212.585138670853,112.58513867085301,112.59
Russian Federation,RU,RUS,Index,100.0,100.305892152646,100.611784583762,100.917676736408,101.223568889054,101.52946132017,101.835353472816,102.141245903932,102.447138056578,103.052568799885,103.657999264723,104.263430008031,104.868860751338,105.474291216176,106.079721959484,106.685152702791,107.290583167629,107.896013910937,108.501444654244,109.045162082649,109.588879511054,110.132597217929,110.676314646334,111.220032074739,111.722712276242,112.180207446416,112.588878266295,113.02025354661,113.451628269986,13.451628269986003,13.45
Rwanda,RW,RWA,Index,100.0,99.204909759578,98.409819519156,97.6151159957771,96.8200257553551,96.0253222319761,95.2302319915541,94.4355284681751,93.6404382277531,93.0731243256622,92.5061971406142,91.9388832385232,91.3719560534752,90.8046421513843,90.2373282492933,89.6704010642453,89.1030871621543,88.5361599771064,87.9688460750154,88.34241473856,88.7163701191475,89.0899387826921,89.4638941632797,89.8374628268243,90.5660377358491,90.9307119074045,91.2953860789599,91.6500056073971,92.0258945731997,-7.974105426800307,-7.97
RÃ©union,RE,REU,Index,100.0,100.340344108283,100.682256622594,101.022600730877,101.364513245189,101.704857353472,102.046769867783,102.387113976066,102.727458084349,103.069370598661,103.409714706943,103.751627221255,104.091971329538,104.43388384385,104.774227952132,105.114572060415,105.456484574727,105.796828683009,106.138741197321,106.601420975862,107.064100754403,107.526780532944,107.991028717514,108.453708496055,108.994808576044,109.537477062062,110.080145548079,110.621245628068,111.163914114086,11.163914114085998,11.16
Saint Pierre and Miquelon,PM,SPM,Index,100.0,98.7301587301587,97.4603174603175,96.1904761904762,94.9206349206349,93.6507936507936,92.3809523809524,91.1111111111111,89.8412698412698,88.5714285714286,87.6190476190476,86.3492063492063,85.0793650793651,83.8095238095238,82.5396825396825,81.2698412698413,80.0,78.7301587301587,77.4603174603175,76.5079365079365,75.2380952380952,73.968253968254,72.6984126984127,71.7460317460317,70.4761904761905,69.5238095238095,67.9365079365079,66.6666666666667,65.7142857142857,-34.285714285714306,-34.29
Samoa,WS,WSM,Index,100.0,99.7180794765708,99.4361589531415,99.1542384297123,98.8723179062831,98.5903973828538,98.3094390455114,98.0275185220822,97.7455979986529,97.4656018473973,97.1856056961416,96.905609544886,96.6265755797171,96.3465794284615,96.0665832772058,95.7865871259501,95.5065909746945,95.2265948234388,94.94756085827,94.6617915904936,94.3760223227172,94.0902530549408,93.8054459732512,93.5196767054748,93.2464158568267,92.9567978447032,92.683536996055,92.3939189839315,92.1206581352833,-7.879341864716693,-7.88
"San Marino, Rep. of",SM,SMR,Index,100.0,101.694915254237,103.147699757869,104.600484261501,106.053268765133,107.74818401937,109.200968523002,110.653753026634,112.106537530266,113.559322033898,115.01210653753,116.464891041162,117.917675544794,119.370460048426,120.823244552058,122.033898305085,123.486682808717,124.939467312349,126.392251815981,127.845036319613,129.055690072639,130.508474576271,131.719128329298,133.17191283293,133.17191283293,133.17191283293,133.17191283293,133.17191283293,133.17191283293,33.17191283292999,33.17
Saudi Arabia,SA,SAU,Index,100.0,100.0,100.0,100.0,100.0,100.0,100.0,100.0,100.0,100.0,100.0,100.0,100.0,100.0,100.0,100.0,100.0,100.0,100.0,100.0,100.0,100.0,100.0,100.0,100.0,100.0,100.0,100.0,100.0,0.0,0.0
Senegal,SN,SEN,Index,100.0,99.4838405331776,98.9677197967121,98.4515990602466,97.9354783237811,97.4193188569587,96.9031981204932,96.3870773840277,95.8709566475623,95.1982103476669,94.5254640477716,93.8527177478762,93.1799714479809,92.5072638784424,91.8345175785471,91.1617712786517,90.4890249787564,89.816317409218,89.1435711093226,88.6712544065464,88.1989377037701,87.7266210009938,87.2543042982175,86.7819875954413,86.3303141729094,85.8789118628759,85.427819395698,84.9456264519043,84.4953085918649,-15.504691408135102,-15.5
Serbia and Montenegro,CS,SCG,Index,100.0,100.510820580401,101.021641160802,101.532518765158,102.043339345559,102.554216949914,103.065037530315,103.575858110717,104.086735715072,110.268930669706,116.451182648295,122.63337760293,128.815629581518,134.997881560107,,,,,,,,,,,,,,,,,
"Serbia, Rep. of",RS,SRB,Index,100.0,100.510820580401,101.021641160802,101.532518765158,102.043339345559,102.554216949914,103.065037530315,103.575858110717,104.086735715072,110.268930669706,116.451182648295,122.63337760293,128.815629581518,134.997881560107,141.180076514742,147.850630128321,154.521183741901,161.191737355481,167.862290969061,168.395333292085,168.928444332695,169.461486655719,169.994528978742,170.527571301766,171.073051508052,170.337017432777,170.514102654697,170.658821893099,170.610994452488,70.610994452488,70.61
Seychelles,SC,SYC,Index,100.0,100.0,100.0,100.0,100.0,100.0,100.0,100.0,100.0,100.0,100.0,100.0,100.0,100.0,100.0,100.0,100.0,100.0,100.0,100.0,100.0,100.0,100.0,100.0,100.0,100.0,100.0,100.0,100.0,0.0,0.0
Sierra Leone,SL,SLE,Index,100.0,99.3610677864847,98.7220655376506,98.0830632888165,97.4440610399825,96.8051288264672,96.1661265776331,95.527124328799,94.8881220799649,94.2491898664497,93.6101876176156,92.9711853687815,92.3321831199474,91.6932509064321,91.054248657598,90.4152464087639,89.7762441599298,89.1373119464146,88.4983096975805,87.8593774840652,87.2203752352311,86.5814430217159,85.9425108082006,85.3035785946853,84.6644362752136,84.0253639910607,83.3862917069078,82.7472194227549,82.108147138602,-17.891852861397993,-17.89
Singapore,SG,SGP,Index,100.0,101.491064576253,102.982129152505,104.473193728758,105.96425830501,107.455322881263,108.957351167635,110.448415743888,111.93948032014,113.562109417827,115.184738515514,116.8073676132,118.429996710887,120.041662098454,121.664291196141,123.286920293827,124.909549391514,126.532178489201,128.154807586887,129.65683587326,131.147900449512,132.649928735884,134.140993312137,135.643021598509,136.772283740818,135.292182874685,133.779190878193,132.277162591821,130.764170595329,30.764170595329006,30.76
Slovak Rep.,SK,SVK,Index,100.0,101.512922742126,103.359073716026,105.205153194652,107.051304168553,108.897455142453,110.743606116353,112.589685594979,114.435836568879,116.080513859701,117.725191150523,119.369796946071,121.014474236893,122.659151527714,124.303828818536,125.948506109358,127.593111904906,129.237789195728,130.882466486549,132.372070527337,133.86160307285,135.351207113637,136.84073965915,138.330343699938,139.244482277596,139.400127489825,139.400127489825,139.400127489825,139.400127489825,39.400127489824996,39.4
"Slovenia, Rep. of",SI,SVN,Index,100.0,102.091811214199,104.183622428399,106.27551432029,108.36732553449,110.459136748689,112.550947962888,114.642759177088,116.734651068979,119.301815248084,121.868979427188,124.436143606293,127.00338846309,129.570552642194,132.137716821299,134.704961678096,137.2721258572,139.839290036305,142.406454215409,143.017345703913,143.628156514724,144.239048003227,144.849858814038,145.460750302541,145.264300121017,145.116821298911,144.298830173457,144.852037111739,145.244050020169,45.244050020169,45.24
Solomon Islands,SB,SLB,Index,100.0,99.4299429301756,98.8598858603512,98.2898287905269,97.7198251518647,97.1497680820404,96.579711012216,96.0096539423916,95.4396503037294,95.1930654900412,94.9465341075153,94.7000027249893,94.4534179113011,94.2068865287751,93.9603551462491,93.7137703325609,93.4672389500349,93.2207075675089,92.974176184983,95.571678705598,98.1691812262131,100.766683746828,103.364186267443,105.961688788058,104.918872794829,91.6122158597582,81.1187630472219,85.2215282701608,72.8757239254592,-27.124276074540802,-27.12
Somalia,SO,SOM,Index,100.0,99.0558503501657,98.1117007003314,97.1675510504972,96.2234014006629,95.2792517508286,94.3351021009943,93.39095245116,92.4468028013258,91.5026531514915,90.5585035016572,89.6143538518229,88.6702042019886,87.7260545521544,86.7819049023201,85.8377552524858,84.8936056026515,83.9494559528173,83.005306302983,82.0611367023912,81.1169870525569,80.1728374027226,79.2286877528883,78.284538103054,77.3403884532198,76.3962388033855,75.4520891535512,74.5079395037169,73.5637898538827,-26.436210146117304,-26.44
South Africa,ZA,ZAF,Index,100.0,99.818439261777,99.6368896656675,99.4553289274446,99.2737681892216,99.0922074509986,98.9106467127757,98.7290971166662,98.5475363784432,98.3651622659404,98.182799295551,98.0004251830482,97.8180510705454,97.635688100156,97.4533139876532,97.2709510172638,97.088576904761,96.9062027922582,96.7238398218688,96.5446969222586,96.3655651647618,96.1864222651515,96.0072905076547,95.8281476080445,95.6448821264679,95.4424299255774,95.2590418807531,95.0755758411348,94.8920318067227,-5.107968193277301,-5.11
Spain,ES,ESP,Index,100.0,102.193069913264,104.386139826527,106.579191069169,108.772260982433,110.965330895697,113.158400808961,115.351470722224,117.544521964866,118.542578726544,119.5406168176,120.538673579278,121.536711670334,122.534768432011,123.532806523067,124.530844614123,125.528901375801,126.526939466857,127.524996228534,127.94865130896,128.372325060007,128.795980140433,129.21965389148,129.643327642528,132.720339476715,133.130551709407,133.195992238996,133.261432768584,133.292220624017,33.292220624017006,33.29
Sri Lanka,LK,LKA,Index,100.0,99.2071248943016,98.414158274856,97.6212831691577,96.8283165497121,96.0354414440137,95.2425663383153,94.4495997188698,93.6567246131714,93.3928904800079,93.1291478605916,92.8653137274281,92.6015711080118,92.3377369748484,92.0739943554321,91.8101602222686,91.5464176028523,91.2825834696888,91.0188408502725,91.2057119220449,91.3925829938173,91.5794540655897,91.7664166511093,91.9532877228817,91.8168407258138,91.6803022149987,91.5437637041836,91.4073167071158,91.2514687956425,-8.748531204357505,-8.75
St. Kitts and Nevis,KN,KNA,Index,100.0,100.0,100.0,100.0,100.0,100.0,100.0,100.0,100.0,100.0,100.0,100.0,100.0,100.0,100.0,100.0,100.0,100.0,100.0,100.0,100.0,100.0,100.0,100.0,100.0,100.0,100.0,100.0,100.0,0.0,0.0
St. Lucia,LC,LCA,Index,100.0,101.498485573091,103.000956480153,104.499442053244,105.997927626335,107.500398533397,108.998884106488,110.50135501355,111.999840586641,113.315000797067,114.634146341463,115.949306551889,117.264466762315,118.583612306711,119.898772517137,121.213932727563,122.533078271959,123.848238482385,125.16339869281,126.753546947234,128.343695201658,129.933843456082,131.520006376534,133.110154630958,134.700302885382,136.290451139806,137.888570062171,139.474732982624,141.064881237048,41.06488123704801,41.06
St. Vincent and the Grenadines,VC,VCT,Index,100.0,100.35848364242,100.719789990685,101.081096338951,101.442402687216,101.800886329636,102.162192677901,102.523499026166,102.881982668586,102.881982668586,102.881982668586,102.881982668586,102.881982668586,102.881982668586,102.881982668586,102.881982668586,102.881982668586,102.881982668586,102.881982668586,102.881982668586,102.881982668586,102.881982668586,102.881982668586,102.881982668586,102.881982668586,102.881982668586,102.881982668586,102.881982668586,102.881982668586,2.881982668586005,2.88
Sudan,SD,SDN,Index,100.0,99.2489062132,98.4978252124986,97.7467314256986,96.9956376388986,96.2445438520986,95.4934500652986,94.7423562784986,93.9912624916986,93.2397979080408,92.4883461104816,91.7368943129224,90.9854425153631,90.2339779317054,89.4825261341461,88.7310743365869,87.9796225390277,87.2281579553699,86.4767061578106,85.7263283925291,84.9759634133462,84.2255856480647,83.4752078827832,82.7248301175017,82.0283201853882,81.286943833482,80.5455546954773,79.8041783435712,79.0627892055665,-20.937210794433497,-20.94
Suriname,SR,SUR,Index,100.0,99.9760826897851,99.9521653795702,99.9282511514829,99.904333841268,99.880416531053,99.8565023029657,99.8325849927508,99.8086676825359,99.7819887859869,99.7553068073103,99.7286248286337,99.7019428499571,99.6752608712805,99.6485819747315,99.6218999960549,99.5952180173783,99.5685360387017,99.541854060025,99.4791512560286,99.4164453699046,99.3537394837806,99.2910335976566,99.2283277115326,99.154483016244,99.1069905119784,99.0273575810476,98.9476568433095,98.8680239123788,-1.1319760876211973,-1.13
Sweden,SE,SWE,Index,100.0,100.035608730975,100.07121746195,100.106826192925,100.142434923899,100.178043654874,100.213652385849,100.249261116824,100.284869847799,100.618128370399,100.951394925647,101.284661480896,101.617920003496,101.951186558744,102.284445081344,102.617711636593,102.950970159193,103.284236714441,103.617495237041,104.200633390403,104.783763511116,105.366893631829,105.95003178519,106.533161905903,106.982668918165,107.454651281039,107.9041582933,108.376140656174,108.848123019048,8.848123019048003,8.85
Switzerland,CH,CHE,Index,100.0,100.367327720082,100.734582325571,101.101910045653,101.469164651141,101.836492371223,102.203746976712,102.5710015822,102.938329302282,103.467678962592,103.997028622901,104.526378283211,105.055801058114,105.585150718424,106.114500378734,106.643850039043,107.173199699353,107.702622474256,108.231972134566,108.732880217823,109.23378830108,109.734696384337,110.235604467594,110.736512550851,111.233545560628,111.74081461356,112.258465938835,112.758715990747,113.269348315001,13.269348315000997,13.27
Syrian Arab Rep.,SY,SYR,Index,100.0,101.562180404991,103.124360809982,104.686541214972,106.248721619963,107.810902024954,109.373082429945,110.935262834936,112.497443239926,114.059623644917,115.621804049908,117.183984454899,118.74616485989,120.30834526488,121.870525669871,123.432706074862,124.994886479853,126.557066884844,128.119247289834,129.690802481762,131.261505420331,132.833060612259,134.403763550828,135.975318742756,135.975318742756,135.930149314788,135.975318742756,135.930149314788,135.930149314788,35.930149314788,35.93
"SÃ£o TomÃ© and PrÃ­ncipe, Dem. Rep. of",ST,STP,Index,100.0,99.9549305931134,99.9116639625022,99.8665945556156,99.821525148729,99.7782585181179,99.7331891112313,99.6881197043447,99.6448530737336,99.5997836668469,99.5565170362358,99.5114476293492,99.4663782224626,99.4231115918515,99.3780421849649,99.3329727780782,99.2897061474671,99.2446367405805,99.2013701099694,98.1413376599964,97.0831079862989,96.0248783126014,94.9666486389039,93.9084189652064,92.8483865152335,91.790156841536,90.7319271678385,89.673697494141,88.613665044168,-11.386334955831998,-11.39
"Tanzania, United Rep. of",TZ,TZA,Index,100.0,99.3432900068341,98.6865800136681,98.0298700205022,97.3731600273362,96.7164500341703,96.0597400410043,95.4030300478384,94.7463200546725,94.0896100615065,93.4329000683406,92.7761900751746,92.1194800820087,91.4627700888428,90.8060600956768,90.1493501025109,89.4926401093449,88.835930116179,88.179220123013,87.5225101298471,86.8657950048514,86.2090798798557,85.5523698866897,84.895654761694,84.0677058724606,83.2397569832272,82.4118080939938,81.5838592047604,80.755910315527,-19.244089684472996,-19.24
Thailand,TH,THA,Index,100.0,99.8213807045596,99.6427614091192,99.4641358375265,99.2855165420861,99.1068972466457,98.928271675053,98.7496523796126,98.5710330841722,99.1665897314993,99.7621463788264,100.357703026154,100.953259673481,101.548816320808,102.144372968135,102.739935891614,103.335492538941,103.931049186269,104.526605833596,104.544323411636,104.562047265829,104.579764843869,104.597488698062,104.615206276102,104.385750146752,104.185478125758,103.997764685585,103.797555426113,103.60986709055,3.609867090549997,3.61
"Timor-Leste, Dem. Rep. of",TL,TLS,Index,100.0,99.8541384184866,99.708392233794,99.5626460491013,99.4167844675879,99.2710382828953,99.1252920982027,98.9794305166893,98.8336843319967,98.6878227504832,98.5420765657906,98.396330381098,98.2504687995846,98.104722614892,97.9589764301994,97.8131148486859,97.6673686639933,97.5216224793007,97.3757608977873,97.2300147130946,97.084268528402,96.9384069468886,96.792660762196,96.6467991806826,96.50105299599,96.3864639529181,96.2094452297839,96.0636990450913,95.9179528603987,-4.0820471396013005,-4.08
Togo,TG,TGO,Index,100.0,99.2602333705184,98.5204667410369,97.7808018956265,97.041035266145,96.3012686366634,95.5615020071819,94.8217353777003,94.08207053229,93.8196711967364,93.5572718611828,93.2949743097004,93.0325749741468,92.7701756385933,92.5077763030397,92.2454787515573,91.9830794160037,91.7206800804501,91.4582807448965,91.197408170411,90.9365355959254,90.6756630214398,90.4147904469542,90.1539178724686,89.8986434218991,89.6434707554007,89.3761857844295,89.2819337344983,89.0269646361423,-10.973035363857704,-10.97
Tonga,TO,TON,Index,100.0,100.0,100.0,100.0,100.0,100.0,100.0,100.0,100.0,100.0,100.0,100.0,100.0,100.0,100.0,100.0,100.0,100.0,100.0,100.0,100.0,100.0,100.0,100.0,100.0,100.0,100.0,100.0,100.0,0.0,0.0
Trinidad and Tobago,TT,TTO,Index,100.0,99.8287473985732,99.656726848261,99.4854742468341,99.3142216454073,99.1422010950951,98.9709484936683,98.7989279433561,98.6276753419292,98.3419983565894,98.0563213712495,97.7706443859097,97.4849674005698,97.2000583641153,96.9143813787754,96.6287043934356,96.3430274080957,96.0573504227559,95.771673437416,95.5366810785074,95.3024566684842,95.0674643095756,94.832471950667,94.5974795917584,94.3371449196342,94.0760422986246,93.7988127510233,93.5384780788991,93.2796793045455,-6.720320695454504,-6.72
Tunisia,TN,TUN,Index,100.0,101.222065505444,102.444131010888,103.666196516332,104.888262021777,106.110327527221,107.332881077995,108.554946583439,109.777012088883,111.517869779745,113.258727470607,115.000073206799,116.740930897662,118.481788588524,120.223134324716,121.963992015578,123.704849706441,125.445707397303,127.187053133495,122.022069409807,116.857085686119,111.69210196243,106.527118238742,101.362134515054,129.123128956217,124.295872600647,126.685830579944,126.688758851922,126.553570295609,26.553570295609006,26.55
Turkmenistan,TM,TKM,Index,100.0,100.0,100.0,100.0,100.0,100.0,100.0,100.0,100.0,100.4029573877,100.8059147754,101.2088721631,101.6118295508,102.0147869385,102.4177443262,102.8207017139,103.2236591016,103.6266164893,104.029573877,104.029573877,104.029573877,104.029573877,104.029573877,104.029573877,104.029573877,104.029573877,104.029573877,104.029573877,104.029573877,4.029573877000004,4.03
Turks and Caicos Islands,TC,TCA,Index,100.0,100.0,100.0,100.0,100.0,100.0,100.0,100.0,100.0,100.0,100.0,100.0,100.0,100.0,100.0,100.0,100.0,100.0,100.0,100.0,100.0,100.0,100.0,100.0,100.0,100.0,100.0,100.0,100.0,0.0,0.0
"TÃ¼rkiye, Rep. of",TR,TUR,Index,100.0,101.052313730723,102.104604689515,103.156918420238,104.20920937903,105.261523109753,106.313814068545,107.366127799268,108.41841875806,111.086651526368,113.754907066609,116.423139834917,119.091395375157,121.759628143466,124.427860911774,127.096116452015,129.764349220323,132.432581988632,135.100837528872,138.806787219754,142.512736910637,146.218709373451,149.924659064333,153.630631527147,158.211456057801,159.104981109544,160.245285583933,161.386318760132,162.527374708263,62.52737470826301,62.53
Uganda,UG,UGA,Index,100.0,98.818991195185,97.63798239037,96.456973585555,95.2760159953456,94.0950071905306,92.9139983857156,91.7329895809007,90.5519807760857,89.3709719712707,88.1899119518501,87.0089031470351,85.8278431276145,84.6468343227995,83.4657743033789,82.2847654985639,81.1037566937489,79.9226966743284,78.7416878695134,77.5606790646984,76.3796702598834,75.1986614550684,74.0176526502534,72.8366438454384,71.6557374698346,70.4747798796252,69.2938222894158,68.1126086261784,66.931651035969,-33.068348964031,-33.07
Ukraine,UA,UKR,Index,100.0,103.065259861549,106.130519723098,109.195779584647,112.261039446197,115.326318117983,118.391577979532,121.456837841081,124.52209770263,126.32835075224,128.134584991613,129.940838041222,131.747072280595,133.553325330204,135.359578379814,137.165812619186,138.972065668796,140.778318718406,142.584552957778,143.861956181928,145.139359406078,146.416743819991,147.69414704414,148.97155026829,150.879171687433,150.988459166925,152.918201425289,153.013005021957,154.802930785474,54.80293078547399,54.8
United Arab Emirates,AE,ARE,Index,100.0,102.50065970228,105.00131940456,107.501979106841,110.002638809121,112.503298511401,115.003958213681,117.504617915962,120.005277618242,120.305636185834,120.605994753427,120.906353321019,121.206711888611,121.507070456204,121.807429023796,122.107787591388,122.40814615898,122.707728606243,123.008087173835,123.052326032628,123.09734101175,123.141579870543,123.185818729336,123.230057588128,123.230057588128,123.230057588128,123.230057588128,123.230057588128,123.230057588128,23.230057588128005,23.23
United Kingdom,GB,GBR,Index,100.0,102.806084311642,105.612168623283,108.418252934925,111.224337246566,114.030421558208,116.836505869849,119.642590181491,122.448674493133,124.962625408742,127.476576324352,129.990527239961,132.504478155571,135.01842907118,137.53237998679,140.046330902399,142.560281818009,145.074232733618,147.588183649228,149.800895359299,152.01360706937,154.226318779441,156.439030489512,158.651742199583,160.999546068601,163.404431131539,163.869235139183,168.658619124374,171.250377143603,71.250377143603,71.25
United States,US,USA,Index,100.0,100.86430752443,101.728615048861,102.592922573291,103.457230097722,104.321537622152,105.185845146582,106.050152671013,106.914460195443,107.746475264456,108.578490333468,109.410505402481,110.242520471493,111.074535540506,111.906549919818,112.73856498883,113.570580057843,114.402595126855,115.234610195868,116.098644598999,116.96267900213,117.826714094962,118.690748498093,119.554782901225,120.53859685712,121.298012008688,122.109941627012,122.109941627012,122.109941627012,22.109941627012006,22.11
United States Virgin Islands,VI,VIR,Index,100.0,98.2749742533471,96.5756951596292,94.8506694129763,93.1256436663234,91.4263645726056,89.7013388259526,88.0020597322348,86.2770339855819,89.5468589083419,92.8166838311019,96.086508753862,99.356333676622,102.651905252317,105.921730175077,109.191555097837,112.461380020597,115.731204943357,119.001029866117,121.987641606591,124.94850669413,127.935118434603,130.895983522142,133.882595262616,145.185375901133,156.668383110196,168.280123583934,180.046343975283,191.967044284243,91.967044284243,91.97
Uruguay,UY,URY,Index,100.0,107.465637761107,114.931275522214,122.396913283321,129.862551044428,137.32839349497,144.794031256077,152.259669017184,159.725306778291,165.369822636605,171.014543184354,176.659059042668,182.303574900981,187.94829544873,193.592811307044,199.237327165358,204.881843023672,210.526563571421,216.171079429735,220.097227481604,224.023580222907,227.949728274775,231.876081016078,235.802229067947,239.118197914215,241.697284794645,240.205098813825,242.741200912915,241.120060588073,141.120060588073,141.12
"Uzbekistan, Rep. of",UZ,UZB,Index,100.0,100.275687754317,100.551375508634,100.827063262951,101.102878414566,101.378566168883,101.6542539232,101.930069074815,102.205756829132,106.237881331964,110.270133232095,114.302385132226,118.334509635058,122.366761535188,126.399013435319,130.431137938151,134.463389838282,138.495641738413,142.527766241245,143.613191225893,144.698488813243,145.783913797892,146.869211385242,147.95463636989,149.492703956705,150.569720719642,151.646992277176,152.724136437411,153.801280597646,53.80128059764601,53.8
"Venezuela, Rep. Bolivariana de",VE,VEN,Index,100.0,99.3744430349899,98.7488860699797,98.1233307043809,97.4977737393708,96.8722167743606,96.2466598093505,95.6211028443404,94.9955458793302,94.6227134995419,94.2498811197536,93.8770487399654,93.5042147607657,93.1313823809774,92.7585500011892,92.3857176214009,92.0128836422013,91.640051262413,91.2672188826247,90.8020412903072,90.3368620985784,89.8716845062608,89.4065069139433,88.9413293216258,88.6676492490292,88.4409886710016,88.2613363916637,88.1286812151361,88.0504028253409,-11.949597174659104,-11.95
Vietnam,VN,VNM,Index,100.0,106.057043793171,112.114087586342,118.17110281906,124.22814661223,130.285190405401,136.342205638119,142.39924943129,148.456293224461,147.45242185503,146.448550485599,145.444679116168,144.440807746737,143.436936377306,142.433065007876,141.429193638445,140.425322269014,139.421479460036,138.417608090605,140.581976354801,142.746344618996,144.910684322739,147.075052586934,149.23942085113,151.523600216488,153.89723092126,154.873084486105,155.060184015,155.99356818594,55.993568185940006,55.99
Wallis and Futuna Islands,WF,WLF,Index,100.0,99.9648197009675,99.9120492524186,99.8592788038698,99.8240985048373,99.7713280562885,99.7185576077397,99.6833773087071,99.6306068601583,99.5954265611258,99.5426561125769,99.4898856640282,99.4547053649956,99.4019349164468,99.349164467898,99.3139841688654,99.2612137203166,99.2084432717678,99.1732629727353,99.1380826737027,99.1029023746702,99.0677220756376,99.0501319261214,99.0149516270888,99.0149516270888,99.0149516270888,99.0149516270888,99.0149516270888,99.0149516270888,-0.9850483729111943,-0.99
Western Sahara,EH,ESH,Index,100.0,101.118272313143,102.237219503965,103.356166694787,104.475113885608,105.59406107643,106.713008267252,107.831955458073,108.950902648895,109.537371351443,110.124514931669,110.711658511895,111.298802092121,111.885270794668,112.472414374895,113.059557955121,113.646701535347,114.233170237894,114.82031381812,115.075417580564,115.330521343007,115.58562510545,115.840728867893,116.095157752657,116.2564535178,116.364433946347,116.666104268601,116.830099544458,117.057533322085,17.057533322085007,17.06
"Yemen, Rep. of",YE,YEM,Index,100.0,100.0,100.0,100.0,100.0,100.0,100.0,100.0,100.0,100.0,100.0,100.0,100.0,100.0,100.0,100.0,100.0,100.0,100.0,100.0,100.0,100.0,100.0,100.0,100.0,100.0,100.0,100.0,100.0,0.0,0.0
Zambia,ZM,ZMB,Index,100.0,99.9243836077744,99.8487595620678,99.7731355163612,99.6975114706546,99.6218874249481,99.5462710327225,99.4706469870159,99.3950229413093,99.3193988956027,99.2437748498961,99.1681584576705,99.0925344119639,99.0169103662573,98.9412863205507,98.8656622748441,98.7900458826186,98.714421836912,98.6387977912054,98.2412912953134,97.8437924529024,97.4462859570104,97.0487794611184,96.6512806187074,96.2535215579426,95.8561222107845,95.4585544870446,95.0609638028616,94.6633960791217,-5.336603920878304,-5.34
Zimbabwe,ZW,ZWE,Index,100.0,99.7603260133973,99.5206604755393,99.2809864889366,99.041312502334,98.8016385157313,98.5619729778732,98.3222989912706,98.0826250046679,97.8305398122588,97.5784546198496,97.3263694274404,97.0742842350312,96.8221990426221,96.5701138502129,96.3180286578037,96.0659350166499,95.8138498242408,95.5617646318316,95.3009518862583,95.0401475894295,94.7793348438562,94.5185220982829,94.2577093527096,94.1907530518133,84.8977507583171,84.6753037619387,84.4528567655603,84.2156751586125,-15.784324841387502,-15.78
